


const unsigned char digits8x8[][8] PROGMEM = {
{0x3C,0x7E,0x83,0x81,0x81,0x7E,0x3C,0x00},/*0*/
{0x84,0x84,0x82,0xFF,0xFF,0x80,0x80,0x00},/*1*/
{0x84,0xC6,0xE1,0xA1,0xB1,0x9F,0x8E,0x00},/*2*/
{0x42,0xC3,0x81,0x89,0x89,0xFF,0x76,0x00},/*3*/
{0x20,0x38,0x24,0x22,0xFF,0xFF,0x20,0x00},/*4*/
{0x5F,0xDF,0x99,0x89,0x89,0xF9,0x70,0x00},/*5*/
{0x3C,0x7E,0x89,0x89,0x89,0xFB,0x72,0x00},/*6*/
{0x01,0x01,0xE1,0xF9,0x1D,0x07,0x01,0x00},/*7*/
{0x6E,0xFF,0x89,0x89,0x99,0xFF,0x76,0x00},/*8*/
{0x4E,0xDF,0x91,0x91,0x91,0x7F,0x3E,0x00},/*9*/
};




const PROGMEM unsigned char simpleFont[][8]  =
{
	{0x00,0x00,0x00,0x00,0x00,0x00,0x00,0x00},
	{0x00,0x00,0x5F,0x00,0x00,0x00,0x00,0x00},
	{0x00,0x00,0x07,0x00,0x07,0x00,0x00,0x00},
	{0x00,0x14,0x7F,0x14,0x7F,0x14,0x00,0x00},
	{0x00,0x24,0x2A,0x7F,0x2A,0x12,0x00,0x00},
	{0x00,0x23,0x13,0x08,0x64,0x62,0x00,0x00},
	{0x00,0x36,0x49,0x55,0x22,0x50,0x00,0x00},
	{0x00,0x00,0x05,0x03,0x00,0x00,0x00,0x00},
	{0x00,0x1C,0x22,0x41,0x00,0x00,0x00,0x00},
	{0x00,0x41,0x22,0x1C,0x00,0x00,0x00,0x00},
	{0x00,0x08,0x2A,0x1C,0x2A,0x08,0x00,0x00},
	{0x00,0x08,0x08,0x3E,0x08,0x08,0x00,0x00},
	{0x00,0xA0,0x60,0x00,0x00,0x00,0x00,0x00},
	{0x00,0x08,0x08,0x08,0x08,0x08,0x00,0x00},
	{0x00,0x60,0x60,0x00,0x00,0x00,0x00,0x00},
	{0x00,0x20,0x10,0x08,0x04,0x02,0x00,0x00},
	{0x00,0x3E,0x51,0x49,0x45,0x3E,0x00,0x00},
	{0x00,0x00,0x42,0x7F,0x40,0x00,0x00,0x00},
	{0x00,0x62,0x51,0x49,0x49,0x46,0x00,0x00},
	{0x00,0x22,0x41,0x49,0x49,0x36,0x00,0x00},
	{0x00,0x18,0x14,0x12,0x7F,0x10,0x00,0x00},
	{0x00,0x27,0x45,0x45,0x45,0x39,0x00,0x00},
	{0x00,0x3C,0x4A,0x49,0x49,0x30,0x00,0x00},
	{0x00,0x01,0x71,0x09,0x05,0x03,0x00,0x00},
	{0x00,0x36,0x49,0x49,0x49,0x36,0x00,0x00},
	{0x00,0x06,0x49,0x49,0x29,0x1E,0x00,0x00},
	{0x00,0x00,0x36,0x36,0x00,0x00,0x00,0x00},
	{0x00,0x00,0xAC,0x6C,0x00,0x00,0x00,0x00},
	{0x00,0x08,0x14,0x22,0x41,0x00,0x00,0x00},
	{0x00,0x14,0x14,0x14,0x14,0x14,0x00,0x00},
	{0x00,0x41,0x22,0x14,0x08,0x00,0x00,0x00},
	{0x00,0x02,0x01,0x51,0x09,0x06,0x00,0x00},
	{0x00,0x32,0x49,0x79,0x41,0x3E,0x00,0x00},
	{0x00,0x7E,0x09,0x09,0x09,0x7E,0x00,0x00},
	{0x00,0x7F,0x49,0x49,0x49,0x36,0x00,0x00},
	{0x00,0x3E,0x41,0x41,0x41,0x22,0x00,0x00},
	{0x00,0x7F,0x41,0x41,0x22,0x1C,0x00,0x00},
	{0x00,0x7F,0x49,0x49,0x49,0x41,0x00,0x00},
	{0x00,0x7F,0x09,0x09,0x09,0x01,0x00,0x00},
	{0x00,0x3E,0x41,0x41,0x51,0x72,0x00,0x00},
	{0x00,0x7F,0x08,0x08,0x08,0x7F,0x00,0x00},
	{0x00,0x41,0x7F,0x41,0x00,0x00,0x00,0x00},
	{0x00,0x20,0x40,0x41,0x3F,0x01,0x00,0x00},
	{0x00,0x7F,0x08,0x14,0x22,0x41,0x00,0x00},
	{0x00,0x7F,0x40,0x40,0x40,0x40,0x00,0x00},
	{0x00,0x7F,0x02,0x0C,0x02,0x7F,0x00,0x00},
	{0x00,0x7F,0x04,0x08,0x10,0x7F,0x00,0x00},
	{0x00,0x3E,0x41,0x41,0x41,0x3E,0x00,0x00},
	{0x00,0x7F,0x09,0x09,0x09,0x06,0x00,0x00},
	{0x00,0x3E,0x41,0x51,0x21,0x5E,0x00,0x00},
	{0x00,0x7F,0x09,0x19,0x29,0x46,0x00,0x00},
	{0x00,0x26,0x49,0x49,0x49,0x32,0x00,0x00},
	{0x00,0x01,0x01,0x7F,0x01,0x01,0x00,0x00},
	{0x00,0x3F,0x40,0x40,0x40,0x3F,0x00,0x00},
	{0x00,0x1F,0x20,0x40,0x20,0x1F,0x00,0x00},
	{0x00,0x3F,0x40,0x38,0x40,0x3F,0x00,0x00},
	{0x00,0x63,0x14,0x08,0x14,0x63,0x00,0x00},
	{0x00,0x03,0x04,0x78,0x04,0x03,0x00,0x00},
	{0x00,0x61,0x51,0x49,0x45,0x43,0x00,0x00},
	{0x00,0x7F,0x41,0x41,0x00,0x00,0x00,0x00},
	{0x00,0x02,0x04,0x08,0x10,0x20,0x00,0x00},
	{0x00,0x41,0x41,0x7F,0x00,0x00,0x00,0x00},
	{0x00,0x04,0x02,0x01,0x02,0x04,0x00,0x00},
	{0x00,0x80,0x80,0x80,0x80,0x80,0x00,0x00},
	{0x00,0x01,0x02,0x04,0x00,0x00,0x00,0x00},
	{0x00,0x20,0x54,0x54,0x54,0x78,0x00,0x00},
	{0x00,0x7F,0x48,0x44,0x44,0x38,0x00,0x00},
	{0x00,0x38,0x44,0x44,0x28,0x00,0x00,0x00},
	{0x00,0x38,0x44,0x44,0x48,0x7F,0x00,0x00},
	{0x00,0x38,0x54,0x54,0x54,0x18,0x00,0x00},
	{0x00,0x08,0x7E,0x09,0x02,0x00,0x00,0x00},
	{0x00,0x18,0xA4,0xA4,0xA4,0x7C,0x00,0x00},
	{0x00,0x7F,0x08,0x04,0x04,0x78,0x00,0x00},
	{0x00,0x00,0x7D,0x00,0x00,0x00,0x00,0x00},
	{0x00,0x80,0x84,0x7D,0x00,0x00,0x00,0x00},
	{0x00,0x7F,0x10,0x28,0x44,0x00,0x00,0x00},
	{0x00,0x41,0x7F,0x40,0x00,0x00,0x00,0x00},
	{0x00,0x7C,0x04,0x18,0x04,0x78,0x00,0x00},
	{0x00,0x7C,0x08,0x04,0x7C,0x00,0x00,0x00},
	{0x00,0x38,0x44,0x44,0x38,0x00,0x00,0x00},
	{0x00,0xFC,0x24,0x24,0x18,0x00,0x00,0x00},
	{0x00,0x18,0x24,0x24,0xFC,0x00,0x00,0x00},
	{0x00,0x00,0x7C,0x08,0x04,0x00,0x00,0x00},
	{0x00,0x48,0x54,0x54,0x24,0x00,0x00,0x00},
	{0x00,0x04,0x7F,0x44,0x00,0x00,0x00,0x00},
	{0x00,0x3C,0x40,0x40,0x7C,0x00,0x00,0x00},
	{0x00,0x1C,0x20,0x40,0x20,0x1C,0x00,0x00},
	{0x00,0x3C,0x40,0x30,0x40,0x3C,0x00,0x00},
	{0x00,0x44,0x28,0x10,0x28,0x44,0x00,0x00},
	{0x00,0x1C,0xA0,0xA0,0x7C,0x00,0x00,0x00},
	{0x00,0x44,0x64,0x54,0x4C,0x44,0x00,0x00},
	{0x00,0x08,0x36,0x41,0x00,0x00,0x00,0x00},
	{0x00,0x00,0x7F,0x00,0x00,0x00,0x00,0x00},
	{0x00,0x41,0x36,0x08,0x00,0x00,0x00,0x00},
	{0x00,0x02,0x01,0x01,0x02,0x01,0x00,0x00},
	{0x00,0x02,0x05,0x05,0x02,0x00,0x00,0x00}
};


// SmallFont.c
// Font Size	: 8x12
// Memory usage	: 1144 bytes
// # characters	: 95

 const uint8_t SmallFont[1144] PROGMEM={
	0x08,0x0C,0x20,0x5F,
	0x00,0x00,0x00,0x00,0x00,0x00,0x00,0x00,0x00,0x00,0x00,0x00, // <Space>
	0x00,0x00,0x20,0x20,0x20,0x20,0x20,0x20,0x00,0x20,0x00,0x00, // !
	0x00,0x28,0x50,0x50,0x00,0x00,0x00,0x00,0x00,0x00,0x00,0x00, // "
	0x00,0x00,0x28,0x28,0xFC,0x28,0x50,0xFC,0x50,0x50,0x00,0x00, // #
	0x00,0x20,0x78,0xA8,0xA0,0x60,0x30,0x28,0xA8,0xF0,0x20,0x00, // $
	0x00,0x00,0x48,0xA8,0xB0,0x50,0x28,0x34,0x54,0x48,0x00,0x00, // %
	0x00,0x00,0x20,0x50,0x50,0x78,0xA8,0xA8,0x90,0x6C,0x00,0x00, // &
	0x00,0x40,0x40,0x80,0x00,0x00,0x00,0x00,0x00,0x00,0x00,0x00, // '
	0x00,0x04,0x08,0x10,0x10,0x10,0x10,0x10,0x10,0x08,0x04,0x00, // (
	0x00,0x40,0x20,0x10,0x10,0x10,0x10,0x10,0x10,0x20,0x40,0x00, // )
	0x00,0x00,0x00,0x20,0xA8,0x70,0x70,0xA8,0x20,0x00,0x00,0x00, // *
	0x00,0x00,0x20,0x20,0x20,0xF8,0x20,0x20,0x20,0x00,0x00,0x00, // +
	0x00,0x00,0x00,0x00,0x00,0x00,0x00,0x00,0x00,0x40,0x40,0x80, // ,
	0x00,0x00,0x00,0x00,0x00,0xF8,0x00,0x00,0x00,0x00,0x00,0x00, // -
	0x00,0x00,0x00,0x00,0x00,0x00,0x00,0x00,0x00,0x40,0x00,0x00, // .
	0x00,0x08,0x10,0x10,0x10,0x20,0x20,0x40,0x40,0x40,0x80,0x00, // /
	0x00,0x00,0x70,0x88,0x88,0x88,0x88,0x88,0x88,0x70,0x00,0x00, // 0
	0x00,0x00,0x20,0x60,0x20,0x20,0x20,0x20,0x20,0x70,0x00,0x00, // 1
	0x00,0x00,0x70,0x88,0x88,0x10,0x20,0x40,0x80,0xF8,0x00,0x00, // 2
	0x00,0x00,0x70,0x88,0x08,0x30,0x08,0x08,0x88,0x70,0x00,0x00, // 3
	0x00,0x00,0x10,0x30,0x50,0x50,0x90,0x78,0x10,0x18,0x00,0x00, // 4
	0x00,0x00,0xF8,0x80,0x80,0xF0,0x08,0x08,0x88,0x70,0x00,0x00, // 5
	0x00,0x00,0x70,0x90,0x80,0xF0,0x88,0x88,0x88,0x70,0x00,0x00, // 6
	0x00,0x00,0xF8,0x90,0x10,0x20,0x20,0x20,0x20,0x20,0x00,0x00, // 7
	0x00,0x00,0x70,0x88,0x88,0x70,0x88,0x88,0x88,0x70,0x00,0x00, // 8
	0x00,0x00,0x70,0x88,0x88,0x88,0x78,0x08,0x48,0x70,0x00,0x00, // 9
	0x00,0x00,0x00,0x00,0x20,0x00,0x00,0x00,0x00,0x20,0x00,0x00, // :
	0x00,0x00,0x00,0x00,0x00,0x20,0x00,0x00,0x00,0x20,0x20,0x00, // ;
	0x00,0x04,0x08,0x10,0x20,0x40,0x20,0x10,0x08,0x04,0x00,0x00, // <
	0x00,0x00,0x00,0x00,0xF8,0x00,0x00,0xF8,0x00,0x00,0x00,0x00, // =
	0x00,0x40,0x20,0x10,0x08,0x04,0x08,0x10,0x20,0x40,0x00,0x00, // >
	0x00,0x00,0x70,0x88,0x88,0x10,0x20,0x20,0x00,0x20,0x00,0x00, // ?
	0x00,0x00,0x70,0x88,0x98,0xA8,0xA8,0xB8,0x80,0x78,0x00,0x00, // @
	0x00,0x00,0x20,0x20,0x30,0x50,0x50,0x78,0x48,0xCC,0x00,0x00, // A
	0x00,0x00,0xF0,0x48,0x48,0x70,0x48,0x48,0x48,0xF0,0x00,0x00, // B
	0x00,0x00,0x78,0x88,0x80,0x80,0x80,0x80,0x88,0x70,0x00,0x00, // C
	0x00,0x00,0xF0,0x48,0x48,0x48,0x48,0x48,0x48,0xF0,0x00,0x00, // D
	0x00,0x00,0xF8,0x48,0x50,0x70,0x50,0x40,0x48,0xF8,0x00,0x00, // E
	0x00,0x00,0xF8,0x48,0x50,0x70,0x50,0x40,0x40,0xE0,0x00,0x00, // F
	0x00,0x00,0x38,0x48,0x80,0x80,0x9C,0x88,0x48,0x30,0x00,0x00, // G
	0x00,0x00,0xCC,0x48,0x48,0x78,0x48,0x48,0x48,0xCC,0x00,0x00, // H
	0x00,0x00,0xF8,0x20,0x20,0x20,0x20,0x20,0x20,0xF8,0x00,0x00, // I
	0x00,0x00,0x7C,0x10,0x10,0x10,0x10,0x10,0x10,0x90,0xE0,0x00, // J
	0x00,0x00,0xEC,0x48,0x50,0x60,0x50,0x50,0x48,0xEC,0x00,0x00, // K
	0x00,0x00,0xE0,0x40,0x40,0x40,0x40,0x40,0x44,0xFC,0x00,0x00, // L
	0x00,0x00,0xD8,0xD8,0xD8,0xD8,0xA8,0xA8,0xA8,0xA8,0x00,0x00, // M
	0x00,0x00,0xDC,0x48,0x68,0x68,0x58,0x58,0x48,0xE8,0x00,0x00, // N
	0x00,0x00,0x70,0x88,0x88,0x88,0x88,0x88,0x88,0x70,0x00,0x00, // O
	0x00,0x00,0xF0,0x48,0x48,0x70,0x40,0x40,0x40,0xE0,0x00,0x00, // P
	0x00,0x00,0x70,0x88,0x88,0x88,0x88,0xE8,0x98,0x70,0x18,0x00, // Q
	0x00,0x00,0xF0,0x48,0x48,0x70,0x50,0x48,0x48,0xEC,0x00,0x00, // R
	0x00,0x00,0x78,0x88,0x80,0x60,0x10,0x08,0x88,0xF0,0x00,0x00, // S
	0x00,0x00,0xF8,0xA8,0x20,0x20,0x20,0x20,0x20,0x70,0x00,0x00, // T
	0x00,0x00,0xCC,0x48,0x48,0x48,0x48,0x48,0x48,0x30,0x00,0x00, // U
	0x00,0x00,0xCC,0x48,0x48,0x50,0x50,0x30,0x20,0x20,0x00,0x00, // V
	0x00,0x00,0xA8,0xA8,0xA8,0x70,0x50,0x50,0x50,0x50,0x00,0x00, // W
	0x00,0x00,0xD8,0x50,0x50,0x20,0x20,0x50,0x50,0xD8,0x00,0x00, // X
	0x00,0x00,0xD8,0x50,0x50,0x20,0x20,0x20,0x20,0x70,0x00,0x00, // Y
	0x00,0x00,0xF8,0x90,0x10,0x20,0x20,0x40,0x48,0xF8,0x00,0x00, // Z
	0x00,0x38,0x20,0x20,0x20,0x20,0x20,0x20,0x20,0x20,0x38,0x00, // [
	0x00,0x40,0x40,0x40,0x20,0x20,0x10,0x10,0x10,0x08,0x00,0x00, // <Backslash>
	0x00,0x70,0x10,0x10,0x10,0x10,0x10,0x10,0x10,0x10,0x70,0x00, // ]
	0x00,0x20,0x50,0x00,0x00,0x00,0x00,0x00,0x00,0x00,0x00,0x00, // ^
	0x00,0x00,0x00,0x00,0x00,0x00,0x00,0x00,0x00,0x00,0x00,0xFC, // _
	0x00,0x20,0x00,0x00,0x00,0x00,0x00,0x00,0x00,0x00,0x00,0x00, // '
	0x00,0x00,0x00,0x00,0x00,0x30,0x48,0x38,0x48,0x3C,0x00,0x00, // a
	0x00,0x00,0xC0,0x40,0x40,0x70,0x48,0x48,0x48,0x70,0x00,0x00, // b
	0x00,0x00,0x00,0x00,0x00,0x38,0x48,0x40,0x40,0x38,0x00,0x00, // c
	0x00,0x00,0x18,0x08,0x08,0x38,0x48,0x48,0x48,0x3C,0x00,0x00, // d
	0x00,0x00,0x00,0x00,0x00,0x30,0x48,0x78,0x40,0x38,0x00,0x00, // e
	0x00,0x00,0x1C,0x20,0x20,0x78,0x20,0x20,0x20,0x78,0x00,0x00, // f
	0x00,0x00,0x00,0x00,0x00,0x3C,0x48,0x30,0x40,0x78,0x44,0x38, // g
	0x00,0x00,0xC0,0x40,0x40,0x70,0x48,0x48,0x48,0xEC,0x00,0x00, // h
	0x00,0x00,0x20,0x00,0x00,0x60,0x20,0x20,0x20,0x70,0x00,0x00, // i
	0x00,0x00,0x10,0x00,0x00,0x30,0x10,0x10,0x10,0x10,0x10,0xE0, // j
	0x00,0x00,0xC0,0x40,0x40,0x5C,0x50,0x70,0x48,0xEC,0x00,0x00, // k
	0x00,0x00,0xE0,0x20,0x20,0x20,0x20,0x20,0x20,0xF8,0x00,0x00, // l
	0x00,0x00,0x00,0x00,0x00,0xF0,0xA8,0xA8,0xA8,0xA8,0x00,0x00, // m
	0x00,0x00,0x00,0x00,0x00,0xF0,0x48,0x48,0x48,0xEC,0x00,0x00, // n
	0x00,0x00,0x00,0x00,0x00,0x30,0x48,0x48,0x48,0x30,0x00,0x00, // o
	0x00,0x00,0x00,0x00,0x00,0xF0,0x48,0x48,0x48,0x70,0x40,0xE0, // p
	0x00,0x00,0x00,0x00,0x00,0x38,0x48,0x48,0x48,0x38,0x08,0x1C, // q
	0x00,0x00,0x00,0x00,0x00,0xD8,0x60,0x40,0x40,0xE0,0x00,0x00, // r
	0x00,0x00,0x00,0x00,0x00,0x78,0x40,0x30,0x08,0x78,0x00,0x00, // s
	0x00,0x00,0x00,0x20,0x20,0x70,0x20,0x20,0x20,0x18,0x00,0x00, // t
	0x00,0x00,0x00,0x00,0x00,0xD8,0x48,0x48,0x48,0x3C,0x00,0x00, // u
	0x00,0x00,0x00,0x00,0x00,0xEC,0x48,0x50,0x30,0x20,0x00,0x00, // v
	0x00,0x00,0x00,0x00,0x00,0xA8,0xA8,0x70,0x50,0x50,0x00,0x00, // w
	0x00,0x00,0x00,0x00,0x00,0xD8,0x50,0x20,0x50,0xD8,0x00,0x00, // x
	0x00,0x00,0x00,0x00,0x00,0xEC,0x48,0x50,0x30,0x20,0x20,0xC0, // y
	0x00,0x00,0x00,0x00,0x00,0x78,0x10,0x20,0x20,0x78,0x00,0x00, // z
	0x00,0x18,0x10,0x10,0x10,0x20,0x10,0x10,0x10,0x10,0x18,0x00, // {
		0x10,0x10,0x10,0x10,0x10,0x10,0x10,0x10,0x10,0x10,0x10,0x10, // |
	0x00,0x60,0x20,0x20,0x20,0x10,0x20,0x20,0x20,0x20,0x60,0x00, // }
	0x40,0xA4,0x18,0x00,0x00,0x00,0x00,0x00,0x00,0x00,0x00,0x00, // ~
};


// BigFont.c (C)2010 by Henning Karlsen
// Font Size	: 16x16
// Memory usage	: 3044 bytes
// # characters	: 95

const uint8_t BigFont[3044] PROGMEM={
	0x10,0x10,0x20,0x5F,
	0x00,0x00,0x00,0x00,0x00,0x00,0x00,0x00,0x00,0x00,0x00,0x00,0x00,0x00,0x00,0x00,0x00,0x00,0x00,0x00,0x00,0x00,0x00,0x00,0x00,0x00,0x00,0x00,0x00,0x00,0x00,0x00, //  <Space>
	0x00,0x00,0x00,0x00,0x07,0x00,0x0F,0x80,0x0F,0x80,0x0F,0x80,0x0F,0x80,0x0F,0x80,0x07,0x00,0x07,0x00,0x00,0x00,0x00,0x00,0x07,0x00,0x07,0x00,0x07,0x00,0x00,0x00, // !
	0x00,0x00,0x0E,0x38,0x0E,0x38,0x0E,0x38,0x0E,0x38,0x06,0x30,0x00,0x00,0x00,0x00,0x00,0x00,0x00,0x00,0x00,0x00,0x00,0x00,0x00,0x00,0x00,0x00,0x00,0x00,0x00,0x00, // "
	0x00,0x00,0x0C,0x30,0x0C,0x30,0x0C,0x30,0x7F,0xFE,0x7F,0xFE,0x0C,0x30,0x0C,0x30,0x0C,0x30,0x0C,0x30,0x7F,0xFE,0x7F,0xFE,0x0C,0x30,0x0C,0x30,0x0C,0x30,0x00,0x00, // #
	0x00,0x00,0x02,0x40,0x02,0x40,0x0F,0xF8,0x1F,0xF8,0x1A,0x40,0x1A,0x40,0x1F,0xF0,0x0F,0xF8,0x02,0x58,0x02,0x58,0x1F,0xF8,0x1F,0xF0,0x02,0x40,0x02,0x40,0x00,0x00, // $
	0x00,0x00,0x00,0x00,0x00,0x00,0x0E,0x10,0x0E,0x30,0x0E,0x70,0x00,0xE0,0x01,0xC0,0x03,0x80,0x07,0x00,0x0E,0x70,0x0C,0x70,0x08,0x70,0x00,0x00,0x00,0x00,0x00,0x00, // %
	0x00,0x00,0x00,0x00,0x0F,0x00,0x19,0x80,0x19,0x80,0x19,0x80,0x0F,0x00,0x0F,0x08,0x0F,0x98,0x19,0xF8,0x18,0xF0,0x18,0xE0,0x19,0xF0,0x0F,0x98,0x00,0x00,0x00,0x00, // &
	0x00,0x00,0x00,0x00,0x07,0x00,0x07,0x00,0x07,0x00,0x0E,0x00,0x00,0x00,0x00,0x00,0x00,0x00,0x00,0x00,0x00,0x00,0x00,0x00,0x00,0x00,0x00,0x00,0x00,0x00,0x00,0x00, // '
	0x00,0x00,0x00,0x00,0x00,0xF0,0x01,0xC0,0x03,0x80,0x07,0x00,0x0E,0x00,0x0E,0x00,0x0E,0x00,0x0E,0x00,0x07,0x00,0x03,0x80,0x01,0xC0,0x00,0xF0,0x00,0x00,0x00,0x00, // (
	0x00,0x00,0x00,0x00,0x0F,0x00,0x03,0x80,0x01,0xC0,0x00,0xE0,0x00,0x70,0x00,0x70,0x00,0x70,0x00,0x70,0x00,0xE0,0x01,0xC0,0x03,0x80,0x0F,0x00,0x00,0x00,0x00,0x00, // )
	0x00,0x00,0x00,0x00,0x01,0x80,0x11,0x88,0x09,0x90,0x07,0xE0,0x07,0xE0,0x3F,0xFC,0x3F,0xFC,0x07,0xE0,0x07,0xE0,0x09,0x90,0x11,0x88,0x01,0x80,0x00,0x00,0x00,0x00, // *
	0x00,0x00,0x00,0x00,0x00,0x00,0x00,0x00,0x01,0x80,0x01,0x80,0x01,0x80,0x0F,0xF0,0x0F,0xF0,0x01,0x80,0x01,0x80,0x01,0x80,0x00,0x00,0x00,0x00,0x00,0x00,0x00,0x00, // +
	0x00,0x00,0x00,0x00,0x00,0x00,0x00,0x00,0x00,0x00,0x00,0x00,0x00,0x00,0x00,0x00,0x00,0x00,0x00,0x00,0x00,0x00,0x07,0x00,0x07,0x00,0x07,0x00,0x0E,0x00,0x00,0x00, // ,
	0x00,0x00,0x00,0x00,0x00,0x00,0x00,0x00,0x00,0x00,0x00,0x00,0x00,0x00,0x1F,0xF8,0x1F,0xF8,0x00,0x00,0x00,0x00,0x00,0x00,0x00,0x00,0x00,0x00,0x00,0x00,0x00,0x00, // -
	0x00,0x00,0x00,0x00,0x00,0x00,0x00,0x00,0x00,0x00,0x00,0x00,0x00,0x00,0x00,0x00,0x00,0x00,0x00,0x00,0x00,0x00,0x07,0x00,0x07,0x00,0x07,0x00,0x00,0x00,0x00,0x00, // ,
	0x00,0x00,0x00,0x00,0x00,0x02,0x00,0x06,0x00,0x0E,0x00,0x1C,0x00,0x38,0x00,0x70,0x00,0xE0,0x01,0xC0,0x03,0x80,0x07,0x00,0x0E,0x00,0x1C,0x00,0x00,0x00,0x00,0x00, // /

	0x00,0x00,0x00,0x00,0x0F,0xF0,0x1C,0x38,0x1C,0x78,0x1C,0xF8,0x1C,0xF8,0x1D,0xB8,0x1D,0xB8,0x1F,0x38,0x1F,0x38,0x1E,0x38,0x1C,0x38,0x0F,0xF0,0x00,0x00,0x00,0x00, // 0
	0x00,0x00,0x00,0x00,0x01,0x80,0x01,0x80,0x03,0x80,0x1F,0x80,0x1F,0x80,0x03,0x80,0x03,0x80,0x03,0x80,0x03,0x80,0x03,0x80,0x03,0x80,0x1F,0xF0,0x00,0x00,0x00,0x00, // 1
	0x00,0x00,0x00,0x00,0x0F,0xE0,0x1C,0x70,0x1C,0x38,0x00,0x38,0x00,0x70,0x00,0xE0,0x01,0xC0,0x03,0x80,0x07,0x00,0x0E,0x38,0x1C,0x38,0x1F,0xF8,0x00,0x00,0x00,0x00, // 2
	0x00,0x00,0x00,0x00,0x0F,0xE0,0x1C,0x70,0x1C,0x38,0x00,0x38,0x00,0x70,0x03,0xC0,0x03,0xC0,0x00,0x70,0x00,0x38,0x1C,0x38,0x1C,0x70,0x0F,0xE0,0x00,0x00,0x00,0x00, // 3
	0x00,0x00,0x00,0x00,0x00,0xE0,0x01,0xE0,0x03,0xE0,0x06,0xE0,0x0C,0xE0,0x18,0xE0,0x1F,0xF8,0x1F,0xF8,0x00,0xE0,0x00,0xE0,0x00,0xE0,0x03,0xF8,0x00,0x00,0x00,0x00, // 4
	0x00,0x00,0x00,0x00,0x1F,0xF8,0x1C,0x00,0x1C,0x00,0x1C,0x00,0x1C,0x00,0x1F,0xE0,0x1F,0xF0,0x00,0x78,0x00,0x38,0x1C,0x38,0x1C,0x70,0x0F,0xE0,0x00,0x00,0x00,0x00, // 5
	0x00,0x00,0x00,0x00,0x03,0xE0,0x07,0x00,0x0E,0x00,0x1C,0x00,0x1C,0x00,0x1F,0xF0,0x1F,0xF8,0x1C,0x38,0x1C,0x38,0x1C,0x38,0x1C,0x38,0x0F,0xF0,0x00,0x00,0x00,0x00, // 6
	0x00,0x00,0x00,0x00,0x1F,0xFC,0x1C,0x1C,0x1C,0x1C,0x1C,0x1C,0x00,0x1C,0x00,0x38,0x00,0x70,0x00,0xE0,0x01,0xC0,0x03,0x80,0x03,0x80,0x03,0x80,0x00,0x00,0x00,0x00, // 7
	0x00,0x00,0x00,0x00,0x0F,0xF0,0x1C,0x38,0x1C,0x38,0x1C,0x38,0x1F,0x38,0x07,0xE0,0x07,0xE0,0x1C,0xF8,0x1C,0x38,0x1C,0x38,0x1C,0x38,0x0F,0xF0,0x00,0x00,0x00,0x00, // 8
	0x00,0x00,0x00,0x00,0x0F,0xF0,0x1C,0x38,0x1C,0x38,0x1C,0x38,0x1C,0x38,0x1F,0xF8,0x0F,0xF8,0x00,0x38,0x00,0x38,0x00,0x70,0x00,0xE0,0x07,0xC0,0x00,0x00,0x00,0x00, // 9
	0x00,0x00,0x00,0x00,0x00,0x00,0x00,0x00,0x03,0x80,0x03,0x80,0x03,0x80,0x00,0x00,0x00,0x00,0x03,0x80,0x03,0x80,0x03,0x80,0x00,0x00,0x00,0x00,0x00,0x00,0x00,0x00, // :
	0x00,0x00,0x00,0x00,0x00,0x00,0x00,0x00,0x03,0x80,0x03,0x80,0x03,0x80,0x00,0x00,0x00,0x00,0x03,0x80,0x03,0x80,0x03,0x80,0x07,0x00,0x00,0x00,0x00,0x00,0x00,0x00, // ;
	0x00,0x00,0x00,0x70,0x00,0xE0,0x01,0xC0,0x03,0x80,0x07,0x00,0x0E,0x00,0x1C,0x00,0x1C,0x00,0x0E,0x00,0x07,0x00,0x03,0x80,0x01,0xC0,0x00,0xE0,0x00,0x70,0x00,0x00, // <
	0x00,0x00,0x00,0x00,0x00,0x00,0x00,0x00,0x00,0x00,0x3F,0xFC,0x3F,0xFC,0x00,0x00,0x00,0x00,0x3F,0xFC,0x3F,0xFC,0x00,0x00,0x00,0x00,0x00,0x00,0x00,0x00,0x00,0x00, // =
	0x00,0x00,0x1C,0x00,0x0E,0x00,0x07,0x00,0x03,0x80,0x01,0xC0,0x00,0xE0,0x00,0x70,0x00,0x70,0x00,0xE0,0x01,0xC0,0x03,0x80,0x07,0x00,0x0E,0x00,0x1C,0x00,0x00,0x00, // >
	0x00,0x00,0x03,0xC0,0x0F,0xF0,0x1E,0x78,0x18,0x38,0x00,0x38,0x00,0x70,0x00,0xE0,0x01,0xC0,0x01,0xC0,0x00,0x00,0x00,0x00,0x01,0xC0,0x01,0xC0,0x01,0xC0,0x00,0x00, // ?

	0x00,0x00,0x0F,0xF8,0x1C,0x1C,0x1C,0x1C,0x1C,0x1C,0x1C,0x1C,0x1C,0xFC,0x1C,0xFC,0x1C,0xFC,0x1C,0xFC,0x1C,0x00,0x1C,0x00,0x1C,0x00,0x1F,0xF0,0x07,0xF8,0x00,0x00, // @
	0x00,0x00,0x00,0x00,0x03,0xC0,0x07,0xE0,0x0E,0x70,0x1C,0x38,0x1C,0x38,0x1C,0x38,0x1C,0x38,0x1F,0xF8,0x1C,0x38,0x1C,0x38,0x1C,0x38,0x1C,0x38,0x00,0x00,0x00,0x00, // A
	0x00,0x00,0x00,0x00,0x1F,0xF0,0x0E,0x38,0x0E,0x38,0x0E,0x38,0x0E,0x38,0x0F,0xF0,0x0F,0xF0,0x0E,0x38,0x0E,0x38,0x0E,0x38,0x0E,0x38,0x1F,0xF0,0x00,0x00,0x00,0x00, // B
	0x00,0x00,0x00,0x00,0x07,0xF0,0x0E,0x38,0x1C,0x38,0x1C,0x00,0x1C,0x00,0x1C,0x00,0x1C,0x00,0x1C,0x00,0x1C,0x00,0x1C,0x38,0x0E,0x38,0x07,0xF0,0x00,0x00,0x00,0x00, // C
	0x00,0x00,0x00,0x00,0x1F,0xE0,0x0E,0x70,0x0E,0x38,0x0E,0x38,0x0E,0x38,0x0E,0x38,0x0E,0x38,0x0E,0x38,0x0E,0x38,0x0E,0x38,0x0E,0x70,0x1F,0xE0,0x00,0x00,0x00,0x00, // D
	0x00,0x00,0x00,0x00,0x1F,0xF8,0x0E,0x18,0x0E,0x08,0x0E,0x00,0x0E,0x30,0x0F,0xF0,0x0F,0xF0,0x0E,0x30,0x0E,0x00,0x0E,0x08,0x0E,0x18,0x1F,0xF8,0x00,0x00,0x00,0x00, // E
	0x00,0x00,0x00,0x00,0x1F,0xF8,0x0E,0x18,0x0E,0x08,0x0E,0x00,0x0E,0x30,0x0F,0xF0,0x0F,0xF0,0x0E,0x30,0x0E,0x00,0x0E,0x00,0x0E,0x00,0x1F,0x00,0x00,0x00,0x00,0x00, // F
	0x00,0x00,0x00,0x00,0x07,0xF0,0x0E,0x38,0x1C,0x38,0x1C,0x38,0x1C,0x00,0x1C,0x00,0x1C,0x00,0x1C,0xF8,0x1C,0x38,0x1C,0x38,0x0E,0x38,0x07,0xF8,0x00,0x00,0x00,0x00, // G
	0x00,0x00,0x00,0x00,0x1C,0x70,0x1C,0x70,0x1C,0x70,0x1C,0x70,0x1C,0x70,0x1F,0xF0,0x1F,0xF0,0x1C,0x70,0x1C,0x70,0x1C,0x70,0x1C,0x70,0x1C,0x70,0x00,0x00,0x00,0x00, // H
	0x00,0x00,0x00,0x00,0x0F,0xE0,0x03,0x80,0x03,0x80,0x03,0x80,0x03,0x80,0x03,0x80,0x03,0x80,0x03,0x80,0x03,0x80,0x03,0x80,0x03,0x80,0x0F,0xE0,0x00,0x00,0x00,0x00, // I
	0x00,0x00,0x00,0x00,0x01,0xFC,0x00,0x70,0x00,0x70,0x00,0x70,0x00,0x70,0x00,0x70,0x00,0x70,0x38,0x70,0x38,0x70,0x38,0x70,0x38,0x70,0x0F,0xE0,0x00,0x00,0x00,0x00, // J
	0x00,0x00,0x00,0x00,0x1E,0x38,0x0E,0x38,0x0E,0x70,0x0E,0xE0,0x0F,0xC0,0x0F,0x80,0x0F,0x80,0x0F,0xC0,0x0E,0xE0,0x0E,0x70,0x0E,0x38,0x1E,0x38,0x00,0x00,0x00,0x00, // K
	0x00,0x00,0x00,0x00,0x1F,0x00,0x0E,0x00,0x0E,0x00,0x0E,0x00,0x0E,0x00,0x0E,0x00,0x0E,0x00,0x0E,0x00,0x0E,0x08,0x0E,0x18,0x0E,0x38,0x1F,0xF8,0x00,0x00,0x00,0x00, // L
	0x00,0x00,0x00,0x00,0x1C,0x1C,0x1E,0x3C,0x1F,0x7C,0x1F,0xFC,0x1F,0xFC,0x1D,0xDC,0x1C,0x9C,0x1C,0x1C,0x1C,0x1C,0x1C,0x1C,0x1C,0x1C,0x1C,0x1C,0x00,0x00,0x00,0x00, // M
	0x00,0x00,0x00,0x00,0x1C,0x1C,0x1C,0x1C,0x1E,0x1C,0x1F,0x1C,0x1F,0x9C,0x1D,0xDC,0x1C,0xFC,0x1C,0x7C,0x1C,0x3C,0x1C,0x1C,0x1C,0x1C,0x1C,0x1C,0x00,0x00,0x00,0x00, // N
	0x00,0x00,0x00,0x00,0x03,0xE0,0x07,0xF0,0x0E,0x38,0x1C,0x1C,0x1C,0x1C,0x1C,0x1C,0x1C,0x1C,0x1C,0x1C,0x1C,0x1C,0x0E,0x38,0x07,0xF0,0x03,0xE0,0x00,0x00,0x00,0x00, // O

	0x00,0x00,0x00,0x00,0x1F,0xF0,0x0E,0x38,0x0E,0x38,0x0E,0x38,0x0E,0x38,0x0F,0xF0,0x0F,0xF0,0x0E,0x00,0x0E,0x00,0x0E,0x00,0x0E,0x00,0x1F,0x00,0x00,0x00,0x00,0x00, // P
	0x00,0x00,0x00,0x00,0x03,0xE0,0x0F,0x78,0x0E,0x38,0x1C,0x1C,0x1C,0x1C,0x1C,0x1C,0x1C,0x1C,0x1C,0x7C,0x1C,0xFC,0x0F,0xF8,0x0F,0xF8,0x00,0x38,0x00,0xFC,0x00,0x00, // Q
	0x00,0x00,0x00,0x00,0x1F,0xF0,0x0E,0x38,0x0E,0x38,0x0E,0x38,0x0E,0x38,0x0F,0xF0,0x0F,0xF0,0x0E,0x70,0x0E,0x38,0x0E,0x38,0x0E,0x38,0x1E,0x38,0x00,0x00,0x00,0x00, // R
	0x00,0x00,0x00,0x00,0x0F,0xF0,0x1C,0x38,0x1C,0x38,0x1C,0x38,0x1C,0x00,0x0F,0xE0,0x07,0xF0,0x00,0x38,0x1C,0x38,0x1C,0x38,0x1C,0x38,0x0F,0xF0,0x00,0x00,0x00,0x00, // S
	0x00,0x00,0x00,0x00,0x1F,0xFC,0x19,0xCC,0x11,0xC4,0x01,0xC0,0x01,0xC0,0x01,0xC0,0x01,0xC0,0x01,0xC0,0x01,0xC0,0x01,0xC0,0x01,0xC0,0x07,0xF0,0x00,0x00,0x00,0x00, // T
	0x00,0x00,0x00,0x00,0x1C,0x70,0x1C,0x70,0x1C,0x70,0x1C,0x70,0x1C,0x70,0x1C,0x70,0x1C,0x70,0x1C,0x70,0x1C,0x70,0x1C,0x70,0x1C,0x70,0x0F,0xE0,0x00,0x00,0x00,0x00, // U
	0x00,0x00,0x00,0x00,0x1C,0x70,0x1C,0x70,0x1C,0x70,0x1C,0x70,0x1C,0x70,0x1C,0x70,0x1C,0x70,0x1C,0x70,0x1C,0x70,0x0E,0xE0,0x07,0xC0,0x03,0x80,0x00,0x00,0x00,0x00, // V
	0x00,0x00,0x00,0x00,0x1C,0x1C,0x1C,0x1C,0x1C,0x1C,0x1C,0x1C,0x1C,0x1C,0x1C,0x9C,0x1C,0x9C,0x1C,0x9C,0x0F,0xF8,0x0F,0xF8,0x07,0x70,0x07,0x70,0x00,0x00,0x00,0x00, // W
	0x00,0x00,0x00,0x00,0x1C,0x70,0x1C,0x70,0x1C,0x70,0x0E,0xE0,0x07,0xC0,0x03,0x80,0x03,0x80,0x07,0xC0,0x0E,0xE0,0x1C,0x70,0x1C,0x70,0x1C,0x70,0x00,0x00,0x00,0x00, // X
	0x00,0x00,0x00,0x00,0x1C,0x70,0x1C,0x70,0x1C,0x70,0x1C,0x70,0x1C,0x70,0x0E,0xE0,0x07,0xC0,0x03,0x80,0x03,0x80,0x03,0x80,0x03,0x80,0x0F,0xE0,0x00,0x00,0x00,0x00, // Y
	0x00,0x00,0x00,0x00,0x1F,0xF8,0x1C,0x38,0x18,0x38,0x10,0x70,0x00,0xE0,0x01,0xC0,0x03,0x80,0x07,0x00,0x0E,0x08,0x1C,0x18,0x1C,0x38,0x1F,0xF8,0x00,0x00,0x00,0x00, // Z
	0x00,0x00,0x00,0x00,0x07,0xF0,0x07,0x00,0x07,0x00,0x07,0x00,0x07,0x00,0x07,0x00,0x07,0x00,0x07,0x00,0x07,0x00,0x07,0x00,0x07,0x00,0x07,0xF0,0x00,0x00,0x00,0x00, // [
	0x00,0x00,0x00,0x00,0x10,0x00,0x18,0x00,0x1C,0x00,0x0E,0x00,0x07,0x00,0x03,0x80,0x01,0xC0,0x00,0xE0,0x00,0x70,0x00,0x38,0x00,0x1C,0x00,0x07,0x00,0x00,0x00,0x00, // <Backslash>
	0x00,0x00,0x00,0x00,0x07,0xF0,0x00,0x70,0x00,0x70,0x00,0x70,0x00,0x70,0x00,0x70,0x00,0x70,0x00,0x70,0x00,0x70,0x00,0x70,0x00,0x70,0x07,0xF0,0x00,0x00,0x00,0x00, // ]
	0x00,0x00,0x01,0x80,0x03,0xC0,0x07,0xE0,0x0E,0x70,0x1C,0x38,0x00,0x00,0x00,0x00,0x00,0x00,0x00,0x00,0x00,0x00,0x00,0x00,0x00,0x00,0x00,0x00,0x00,0x00,0x00,0x00, // ^
	0x00,0x00,0x00,0x00,0x00,0x00,0x00,0x00,0x00,0x00,0x00,0x00,0x00,0x00,0x00,0x00,0x00,0x00,0x00,0x00,0x00,0x00,0x00,0x00,0x00,0x00,0x00,0x00,0x7F,0xFF,0x7F,0xFF, // _

	0x00,0x00,0x00,0x00,0x1C,0x00,0x1C,0x00,0x07,0x00,0x07,0x00,0x00,0x00,0x00,0x00,0x00,0x00,0x00,0x00,0x00,0x00,0x00,0x00,0x00,0x00,0x00,0x00,0x00,0x00,0x00,0x00, // '
	0x00,0x00,0x00,0x00,0x00,0x00,0x00,0x00,0x00,0x00,0x00,0x00,0x0F,0xE0,0x00,0x70,0x00,0x70,0x0F,0xF0,0x1C,0x70,0x1C,0x70,0x1C,0x70,0x0F,0xD8,0x00,0x00,0x00,0x00, // a
	0x00,0x00,0x00,0x00,0x1E,0x00,0x0E,0x00,0x0E,0x00,0x0E,0x00,0x0F,0xF0,0x0E,0x38,0x0E,0x38,0x0E,0x38,0x0E,0x38,0x0E,0x38,0x0E,0x38,0x1B,0xF0,0x00,0x00,0x00,0x00, // b
	0x00,0x00,0x00,0x00,0x00,0x00,0x00,0x00,0x00,0x00,0x00,0x00,0x0F,0xE0,0x1C,0x70,0x1C,0x70,0x1C,0x00,0x1C,0x00,0x1C,0x70,0x1C,0x70,0x0F,0xE0,0x00,0x00,0x00,0x00, // c
	0x00,0x00,0x00,0x00,0x00,0xF8,0x00,0x70,0x00,0x70,0x00,0x70,0x0F,0xF0,0x1C,0x70,0x1C,0x70,0x1C,0x70,0x1C,0x70,0x1C,0x70,0x1C,0x70,0x0F,0xD8,0x00,0x00,0x00,0x00, // d
	0x00,0x00,0x00,0x00,0x00,0x00,0x00,0x00,0x00,0x00,0x00,0x00,0x0F,0xE0,0x1C,0x70,0x1C,0x70,0x1F,0xF0,0x1C,0x00,0x1C,0x70,0x1C,0x70,0x0F,0xE0,0x00,0x00,0x00,0x00, // e
	0x00,0x00,0x00,0x00,0x03,0xE0,0x07,0x70,0x07,0x70,0x07,0x00,0x07,0x00,0x1F,0xE0,0x1F,0xE0,0x07,0x00,0x07,0x00,0x07,0x00,0x07,0x00,0x1F,0xC0,0x00,0x00,0x00,0x00, // f
	0x00,0x00,0x00,0x00,0x00,0x00,0x00,0x00,0x00,0x00,0x00,0x00,0x0F,0xD8,0x1C,0x70,0x1C,0x70,0x1C,0x70,0x1C,0x70,0x0F,0xF0,0x07,0xF0,0x00,0x70,0x1C,0x70,0x0F,0xE0, // g
	0x00,0x00,0x00,0x00,0x1E,0x00,0x0E,0x00,0x0E,0x00,0x0E,0x00,0x0E,0xF0,0x0F,0x38,0x0F,0x38,0x0E,0x38,0x0E,0x38,0x0E,0x38,0x0E,0x38,0x1E,0x38,0x00,0x00,0x00,0x00, // h
	0x00,0x00,0x00,0x00,0x01,0xC0,0x01,0xC0,0x01,0xC0,0x00,0x00,0x0F,0xC0,0x01,0xC0,0x01,0xC0,0x01,0xC0,0x01,0xC0,0x01,0xC0,0x01,0xC0,0x0F,0xF8,0x00,0x00,0x00,0x00, // i
	0x00,0x00,0x00,0x00,0x00,0x70,0x00,0x70,0x00,0x70,0x00,0x00,0x03,0xF0,0x00,0x70,0x00,0x70,0x00,0x70,0x00,0x70,0x00,0x70,0x00,0x70,0x1C,0x70,0x0C,0xF0,0x07,0xE0, // j
	0x00,0x00,0x00,0x00,0x1E,0x00,0x0E,0x00,0x0E,0x00,0x0E,0x00,0x0E,0x38,0x0E,0x70,0x0E,0xE0,0x0F,0xC0,0x0E,0xE0,0x0E,0x70,0x0E,0x38,0x1E,0x38,0x00,0x00,0x00,0x00, // k
	0x00,0x00,0x00,0x00,0x0F,0xC0,0x01,0xC0,0x01,0xC0,0x01,0xC0,0x01,0xC0,0x01,0xC0,0x01,0xC0,0x01,0xC0,0x01,0xC0,0x01,0xC0,0x01,0xC0,0x0F,0xF8,0x00,0x00,0x00,0x00, // l
	0x00,0x00,0x00,0x00,0x00,0x00,0x00,0x00,0x00,0x00,0x00,0x00,0x1F,0xF8,0x1C,0x9C,0x1C,0x9C,0x1C,0x9C,0x1C,0x9C,0x1C,0x9C,0x1C,0x9C,0x1C,0x9C,0x00,0x00,0x00,0x00, // m
	0x00,0x00,0x00,0x00,0x00,0x00,0x00,0x00,0x00,0x00,0x00,0x00,0x1F,0xE0,0x1C,0x70,0x1C,0x70,0x1C,0x70,0x1C,0x70,0x1C,0x70,0x1C,0x70,0x1C,0x70,0x00,0x00,0x00,0x00, // n
	0x00,0x00,0x00,0x00,0x00,0x00,0x00,0x00,0x00,0x00,0x00,0x00,0x0F,0xE0,0x1C,0x70,0x1C,0x70,0x1C,0x70,0x1C,0x70,0x1C,0x70,0x1C,0x70,0x0F,0xE0,0x00,0x00,0x00,0x00, // o

	0x00,0x00,0x00,0x00,0x00,0x00,0x00,0x00,0x00,0x00,0x00,0x00,0x1B,0xF0,0x0E,0x38,0x0E,0x38,0x0E,0x38,0x0E,0x38,0x0E,0x38,0x0F,0xF0,0x0E,0x00,0x0E,0x00,0x1F,0x00, // p
	0x00,0x00,0x00,0x00,0x00,0x00,0x00,0x00,0x00,0x00,0x00,0x00,0x1F,0xB0,0x38,0xE0,0x38,0xE0,0x38,0xE0,0x38,0xE0,0x38,0xE0,0x1F,0xE0,0x00,0xE0,0x00,0xE0,0x01,0xF0, // q
	0x00,0x00,0x00,0x00,0x00,0x00,0x00,0x00,0x00,0x00,0x00,0x00,0x1E,0xF0,0x0F,0xF8,0x0F,0x38,0x0E,0x00,0x0E,0x00,0x0E,0x00,0x0E,0x00,0x1F,0x00,0x00,0x00,0x00,0x00, // r
	0x00,0x00,0x00,0x00,0x00,0x00,0x00,0x00,0x00,0x00,0x00,0x00,0x0F,0xE0,0x1C,0x30,0x1C,0x30,0x0F,0x80,0x03,0xE0,0x18,0x70,0x18,0x70,0x0F,0xE0,0x00,0x00,0x00,0x00, // s
	0x00,0x00,0x00,0x00,0x00,0x00,0x01,0x00,0x03,0x00,0x07,0x00,0x1F,0xF0,0x07,0x00,0x07,0x00,0x07,0x00,0x07,0x00,0x07,0x70,0x07,0x70,0x03,0xE0,0x00,0x00,0x00,0x00, // t
	0x00,0x00,0x00,0x00,0x00,0x00,0x00,0x00,0x00,0x00,0x00,0x00,0x1C,0x70,0x1C,0x70,0x1C,0x70,0x1C,0x70,0x1C,0x70,0x1C,0x70,0x1C,0x70,0x0F,0xD8,0x00,0x00,0x00,0x00, // u
	0x00,0x00,0x00,0x00,0x00,0x00,0x00,0x00,0x00,0x00,0x00,0x00,0x1C,0x70,0x1C,0x70,0x1C,0x70,0x1C,0x70,0x1C,0x70,0x0E,0xE0,0x07,0xC0,0x03,0x80,0x00,0x00,0x00,0x00, // v
	0x00,0x00,0x00,0x00,0x00,0x00,0x00,0x00,0x00,0x00,0x00,0x00,0x1C,0x1C,0x1C,0x1C,0x1C,0x1C,0x1C,0x9C,0x1C,0x9C,0x0F,0xF8,0x07,0x70,0x07,0x70,0x00,0x00,0x00,0x00, // w
	0x00,0x00,0x00,0x00,0x00,0x00,0x00,0x00,0x00,0x00,0x00,0x00,0x1C,0xE0,0x1C,0xE0,0x0F,0xC0,0x07,0x80,0x07,0x80,0x0F,0xC0,0x1C,0xE0,0x1C,0xE0,0x00,0x00,0x00,0x00, // x
	0x00,0x00,0x00,0x00,0x00,0x00,0x00,0x00,0x00,0x00,0x00,0x00,0x0E,0x38,0x0E,0x38,0x0E,0x38,0x0E,0x38,0x0E,0x38,0x07,0xF0,0x03,0xE0,0x00,0xE0,0x01,0xC0,0x1F,0x80, // y
	0x00,0x00,0x00,0x00,0x00,0x00,0x00,0x00,0x00,0x00,0x00,0x00,0x1F,0xE0,0x18,0xE0,0x11,0xC0,0x03,0x80,0x07,0x00,0x0E,0x20,0x1C,0x60,0x1F,0xE0,0x00,0x00,0x00,0x00, // z
	0x00,0x00,0x00,0x00,0x01,0xF8,0x03,0x80,0x03,0x80,0x03,0x80,0x07,0x00,0x1C,0x00,0x1C,0x00,0x07,0x00,0x03,0x80,0x03,0x80,0x03,0x80,0x01,0xF8,0x00,0x00,0x00,0x00, // {
		0x00,0x00,0x01,0xC0,0x01,0xC0,0x01,0xC0,0x01,0xC0,0x01,0xC0,0x01,0xC0,0x01,0xC0,0x01,0xC0,0x01,0xC0,0x01,0xC0,0x01,0xC0,0x01,0xC0,0x01,0xC0,0x01,0xC0,0x00,0x00, // |
	0x00,0x00,0x00,0x00,0x1F,0x80,0x01,0xC0,0x01,0xC0,0x01,0xC0,0x00,0xE0,0x00,0x38,0x00,0x38,0x00,0xE0,0x01,0xC0,0x01,0xC0,0x01,0xC0,0x1F,0x80,0x00,0x00,0x00,0x00, // }
	0x00,0x00,0x00,0x00,0x1F,0x1C,0x3B,0x9C,0x39,0xDC,0x38,0xF8,0x00,0x00,0x00,0x00,0x00,0x00,0x00,0x00,0x00,0x00,0x00,0x00,0x00,0x00,0x00,0x00,0x00,0x00,0x00,0x00  // ~
};

// SevenSegNumFont.c
// Font Size	: 32x50
// Memory usage	: 2004 bytes
// # characters	: 10

const uint8_t SevenSegNumFont[2004] PROGMEM={
	0x20,0x32,0x30,0x0A,
	0x00,0x00,0x00,0x00,0x00,0x00,0x00,0x00,0x00,0xFF,0xFE,0x00,0x01,0xFF,0xFF,0x00,0x03,0xFF,0xFF,0x80,0x01,0xFF,0xFF,0x60,0x0C,0xFF,0xFE,0xF0,0x1E,0x00,0x01,0xF8,0x3F,0x00,0x01,0xF8,0x3F,0x00,0x01,0xF8,0x3F,0x00,0x01,0xF8,0x3F,0x00,0x01,0xF8,0x3F,0x00,0x01,0xF8,0x3F,0x00,0x01,0xF8,0x3F,0x00,0x01,0xF8,0x3F,0x00,0x01,0xF8,0x3F,0x00,0x01,0xF8,0x3F,0x00,0x01,0xF8,0x3F,0x00,0x01,0xF8,0x3F,0x00,0x01,0xF8,0x3F,0x00,0x01,0xF8,0x3E,0x00,0x00,0x78,0x38,0x00,0x00,0x18,0x20,0x00,0x00,0x08,0x00,0x00,0x00,0x00,0x20,0x00,0x00,0x00,0x38,0x00,0x00,0x18,0x3E,0x00,0x00,0x78,0x3F,0x00,0x01,0xF8,0x3F,0x00,0x01,0xF8,0x3F,0x00,0x01,0xF8,0x3F,0x00,0x01,0xF8,0x3F,0x00,0x01,0xF8,0x3F,0x00,0x01,0xF8,0x3F,0x00,0x01,0xF8,0x3F,0x00,0x01,0xF8,0x3F,0x00,0x01,0xF8,0x3F,0x00,0x01,0xF8,0x3F,0x00,0x01,0xF8,0x3F,0x00,0x01,0xF8,0x3F,0x00,0x01,0xF8,0x3F,0x00,0x01,0xF8,0x1E,0x00,0x00,0xF0,0x0C,0xFF,0xFE,0x60,0x01,0xFF,0xFF,0x00,0x03,0xFF,0xFF,0x80,0x01,0xFF,0xFF,0x00,0x00,0xFF,0xFE,0x00,0x00,0x00,0x00,0x00,0x00,0x00,0x00,0x00,  // 0
	0x00,0x00,0x00,0x00,0x00,0x00,0x00,0x00,0x00,0x00,0x00,0x00,0x00,0x00,0x00,0x00,0x00,0x00,0x00,0x00,0x00,0x00,0x00,0x60,0x00,0x00,0x00,0xF0,0x00,0x00,0x01,0xF8,0x00,0x00,0x01,0xF8,0x00,0x00,0x01,0xF8,0x00,0x00,0x01,0xF8,0x00,0x00,0x01,0xF8,0x00,0x00,0x01,0xF8,0x00,0x00,0x01,0xF8,0x00,0x00,0x01,0xF8,0x00,0x00,0x01,0xF8,0x00,0x00,0x01,0xF8,0x00,0x00,0x01,0xF8,0x00,0x00,0x01,0xF8,0x00,0x00,0x01,0xF8,0x00,0x00,0x01,0xF8,0x00,0x00,0x00,0x78,0x00,0x00,0x00,0x18,0x00,0x00,0x00,0x08,0x00,0x00,0x00,0x00,0x00,0x00,0x00,0x00,0x00,0x00,0x00,0x18,0x00,0x00,0x00,0x78,0x00,0x00,0x01,0xF8,0x00,0x00,0x01,0xF8,0x00,0x00,0x01,0xF8,0x00,0x00,0x01,0xF8,0x00,0x00,0x01,0xF8,0x00,0x00,0x01,0xF8,0x00,0x00,0x01,0xF8,0x00,0x00,0x01,0xF8,0x00,0x00,0x01,0xF8,0x00,0x00,0x01,0xF8,0x00,0x00,0x01,0xF8,0x00,0x00,0x01,0xF8,0x00,0x00,0x01,0xF8,0x00,0x00,0x01,0xF8,0x00,0x00,0x00,0xF0,0x00,0x00,0x00,0x60,0x00,0x00,0x00,0x00,0x00,0x00,0x00,0x00,0x00,0x00,0x00,0x00,0x00,0x00,0x00,0x00,0x00,0x00,0x00,0x00,0x00,0x00,0x00,0x00,  // 1
	0x00,0x00,0x00,0x00,0x00,0x00,0x00,0x00,0x00,0xFF,0xFE,0x00,0x01,0xFF,0xFF,0x00,0x03,0xFF,0xFF,0x80,0x01,0xFF,0xFF,0x60,0x00,0xFF,0xFE,0xF0,0x00,0x00,0x01,0xF8,0x00,0x00,0x01,0xF8,0x00,0x00,0x01,0xF8,0x00,0x00,0x01,0xF8,0x00,0x00,0x01,0xF8,0x00,0x00,0x01,0xF8,0x00,0x00,0x01,0xF8,0x00,0x00,0x01,0xF8,0x00,0x00,0x01,0xF8,0x00,0x00,0x01,0xF8,0x00,0x00,0x01,0xF8,0x00,0x00,0x01,0xF8,0x00,0x00,0x01,0xF8,0x00,0x00,0x01,0xF8,0x00,0x00,0x00,0x78,0x01,0xFF,0xFE,0x18,0x03,0xFF,0xFF,0x88,0x0F,0xFF,0xFF,0xE0,0x27,0xFF,0xFF,0xC0,0x39,0xFF,0xFF,0x00,0x3E,0x00,0x00,0x00,0x3F,0x00,0x00,0x00,0x3F,0x00,0x00,0x00,0x3F,0x00,0x00,0x00,0x3F,0x00,0x00,0x00,0x3F,0x00,0x00,0x00,0x3F,0x00,0x00,0x00,0x3F,0x00,0x00,0x00,0x3F,0x00,0x00,0x00,0x3F,0x00,0x00,0x00,0x3F,0x00,0x00,0x00,0x3F,0x00,0x00,0x00,0x3F,0x00,0x00,0x00,0x3F,0x00,0x00,0x00,0x3F,0x00,0x00,0x00,0x1E,0x00,0x00,0x00,0x0C,0xFF,0xFE,0x00,0x01,0xFF,0xFF,0x00,0x03,0xFF,0xFF,0x80,0x01,0xFF,0xFF,0x00,0x00,0xFF,0xFE,0x00,0x00,0x00,0x00,0x00,0x00,0x00,0x00,0x00,  // 2
	0x00,0x00,0x00,0x00,0x00,0x00,0x00,0x00,0x00,0xFF,0xFE,0x00,0x01,0xFF,0xFF,0x00,0x03,0xFF,0xFF,0x80,0x01,0xFF,0xFF,0x60,0x00,0xFF,0xFE,0xF0,0x00,0x00,0x01,0xF8,0x00,0x00,0x01,0xF8,0x00,0x00,0x01,0xF8,0x00,0x00,0x01,0xF8,0x00,0x00,0x01,0xF8,0x00,0x00,0x01,0xF8,0x00,0x00,0x01,0xF8,0x00,0x00,0x01,0xF8,0x00,0x00,0x01,0xF8,0x00,0x00,0x01,0xF8,0x00,0x00,0x01,0xF8,0x00,0x00,0x01,0xF8,0x00,0x00,0x01,0xF8,0x00,0x00,0x01,0xF8,0x00,0x00,0x00,0x78,0x01,0xFF,0xFE,0x18,0x03,0xFF,0xFF,0x88,0x0F,0xFF,0xFF,0xE0,0x07,0xFF,0xFF,0xC0,0x01,0xFF,0xFF,0x18,0x00,0x00,0x00,0x78,0x00,0x00,0x01,0xF8,0x00,0x00,0x01,0xF8,0x00,0x00,0x01,0xF8,0x00,0x00,0x01,0xF8,0x00,0x00,0x01,0xF8,0x00,0x00,0x01,0xF8,0x00,0x00,0x01,0xF8,0x00,0x00,0x01,0xF8,0x00,0x00,0x01,0xF8,0x00,0x00,0x01,0xF8,0x00,0x00,0x01,0xF8,0x00,0x00,0x01,0xF8,0x00,0x00,0x01,0xF8,0x00,0x00,0x01,0xF8,0x00,0x00,0x00,0xF0,0x00,0xFF,0xFE,0x60,0x01,0xFF,0xFF,0x00,0x03,0xFF,0xFF,0x80,0x01,0xFF,0xFF,0x00,0x00,0xFF,0xFE,0x00,0x00,0x00,0x00,0x00,0x00,0x00,0x00,0x00,  // 3
	0x00,0x00,0x00,0x00,0x00,0x00,0x00,0x00,0x00,0x00,0x00,0x00,0x00,0x00,0x00,0x00,0x00,0x00,0x00,0x00,0x00,0x00,0x00,0x60,0x0C,0x00,0x00,0xF0,0x1E,0x00,0x01,0xF8,0x3F,0x00,0x01,0xF8,0x3F,0x00,0x01,0xF8,0x3F,0x00,0x01,0xF8,0x3F,0x00,0x01,0xF8,0x3F,0x00,0x01,0xF8,0x3F,0x00,0x01,0xF8,0x3F,0x00,0x01,0xF8,0x3F,0x00,0x01,0xF8,0x3F,0x00,0x01,0xF8,0x3F,0x00,0x01,0xF8,0x3F,0x00,0x01,0xF8,0x3F,0x00,0x01,0xF8,0x3F,0x00,0x01,0xF8,0x3E,0x00,0x00,0x78,0x39,0xFF,0xFE,0x18,0x23,0xFF,0xFF,0x88,0x0F,0xFF,0xFF,0xE0,0x07,0xFF,0xFF,0xC0,0x01,0xFF,0xFF,0x18,0x00,0x00,0x00,0x78,0x00,0x00,0x01,0xF8,0x00,0x00,0x01,0xF8,0x00,0x00,0x01,0xF8,0x00,0x00,0x01,0xF8,0x00,0x00,0x01,0xF8,0x00,0x00,0x01,0xF8,0x00,0x00,0x01,0xF8,0x00,0x00,0x01,0xF8,0x00,0x00,0x01,0xF8,0x00,0x00,0x01,0xF8,0x00,0x00,0x01,0xF8,0x00,0x00,0x01,0xF8,0x00,0x00,0x01,0xF8,0x00,0x00,0x01,0xF8,0x00,0x00,0x00,0xF0,0x00,0x00,0x00,0x60,0x00,0x00,0x00,0x00,0x00,0x00,0x00,0x00,0x00,0x00,0x00,0x00,0x00,0x00,0x00,0x00,0x00,0x00,0x00,0x00,0x00,0x00,0x00,0x00,  // 4
	0x00,0x00,0x00,0x00,0x00,0x00,0x00,0x00,0x00,0xFF,0xFE,0x00,0x01,0xFF,0xFF,0x00,0x03,0xFF,0xFF,0x80,0x01,0xFF,0xFF,0x00,0x0C,0xFF,0xFE,0x00,0x1E,0x00,0x00,0x00,0x3F,0x00,0x00,0x00,0x3F,0x00,0x00,0x00,0x3F,0x00,0x00,0x00,0x3F,0x00,0x00,0x00,0x3F,0x00,0x00,0x00,0x3F,0x00,0x00,0x00,0x3F,0x00,0x00,0x00,0x3F,0x00,0x00,0x00,0x3F,0x00,0x00,0x00,0x3F,0x00,0x00,0x00,0x3F,0x00,0x00,0x00,0x3F,0x00,0x00,0x00,0x3F,0x00,0x00,0x00,0x3E,0x00,0x00,0x00,0x39,0xFF,0xFE,0x00,0x23,0xFF,0xFF,0x80,0x0F,0xFF,0xFF,0xE0,0x07,0xFF,0xFF,0xC0,0x01,0xFF,0xFF,0x18,0x00,0x00,0x00,0x78,0x00,0x00,0x01,0xF8,0x00,0x00,0x01,0xF8,0x00,0x00,0x01,0xF8,0x00,0x00,0x01,0xF8,0x00,0x00,0x01,0xF8,0x00,0x00,0x01,0xF8,0x00,0x00,0x01,0xF8,0x00,0x00,0x01,0xF8,0x00,0x00,0x01,0xF8,0x00,0x00,0x01,0xF8,0x00,0x00,0x01,0xF8,0x00,0x00,0x01,0xF8,0x00,0x00,0x01,0xF8,0x00,0x00,0x01,0xF8,0x00,0x00,0x00,0xF0,0x00,0xFF,0xFE,0x60,0x01,0xFF,0xFF,0x00,0x03,0xFF,0xFF,0x80,0x01,0xFF,0xFF,0x00,0x00,0xFF,0xFE,0x00,0x00,0x00,0x00,0x00,0x00,0x00,0x00,0x00,  // 5
	0x00,0x00,0x00,0x00,0x00,0x00,0x00,0x00,0x00,0xFF,0xFE,0x00,0x01,0xFF,0xFF,0x00,0x03,0xFF,0xFF,0x80,0x01,0xFF,0xFF,0x00,0x0C,0xFF,0xFE,0x00,0x1E,0x00,0x00,0x00,0x3F,0x00,0x00,0x00,0x3F,0x00,0x00,0x00,0x3F,0x00,0x00,0x00,0x3F,0x00,0x00,0x00,0x3F,0x00,0x00,0x00,0x3F,0x00,0x00,0x00,0x3F,0x00,0x00,0x00,0x3F,0x00,0x00,0x00,0x3F,0x00,0x00,0x00,0x3F,0x00,0x00,0x00,0x3F,0x00,0x00,0x00,0x3F,0x00,0x00,0x00,0x3F,0x00,0x00,0x00,0x3E,0x00,0x00,0x00,0x39,0xFF,0xFE,0x00,0x23,0xFF,0xFF,0x80,0x0F,0xFF,0xFF,0xE0,0x27,0xFF,0xFF,0xC0,0x39,0xFF,0xFF,0x18,0x3E,0x00,0x00,0x78,0x3F,0x00,0x01,0xF8,0x3F,0x00,0x01,0xF8,0x3F,0x00,0x01,0xF8,0x3F,0x00,0x01,0xF8,0x3F,0x00,0x01,0xF8,0x3F,0x00,0x01,0xF8,0x3F,0x00,0x01,0xF8,0x3F,0x00,0x01,0xF8,0x3F,0x00,0x01,0xF8,0x3F,0x00,0x01,0xF8,0x3F,0x00,0x01,0xF8,0x3F,0x00,0x01,0xF8,0x3F,0x00,0x01,0xF8,0x3F,0x00,0x01,0xF8,0x1E,0x00,0x00,0xF0,0x0C,0xFF,0xFE,0x60,0x01,0xFF,0xFF,0x00,0x03,0xFF,0xFF,0x80,0x01,0xFF,0xFF,0x00,0x00,0xFF,0xFE,0x00,0x00,0x00,0x00,0x00,0x00,0x00,0x00,0x00,  // 6
	0x00,0x00,0x00,0x00,0x00,0x00,0x00,0x00,0x00,0xFF,0xFE,0x00,0x01,0xFF,0xFF,0x00,0x03,0xFF,0xFF,0x80,0x01,0xFF,0xFF,0x60,0x00,0xFF,0xFE,0xF0,0x00,0x00,0x01,0xF8,0x00,0x00,0x01,0xF8,0x00,0x00,0x01,0xF8,0x00,0x00,0x01,0xF8,0x00,0x00,0x01,0xF8,0x00,0x00,0x01,0xF8,0x00,0x00,0x01,0xF8,0x00,0x00,0x01,0xF8,0x00,0x00,0x01,0xF8,0x00,0x00,0x01,0xF8,0x00,0x00,0x01,0xF8,0x00,0x00,0x01,0xF8,0x00,0x00,0x01,0xF8,0x00,0x00,0x01,0xF8,0x00,0x00,0x00,0x78,0x00,0x00,0x00,0x18,0x00,0x00,0x00,0x08,0x00,0x00,0x00,0x00,0x00,0x00,0x00,0x00,0x00,0x00,0x00,0x18,0x00,0x00,0x00,0x78,0x00,0x00,0x01,0xF8,0x00,0x00,0x01,0xF8,0x00,0x00,0x01,0xF8,0x00,0x00,0x01,0xF8,0x00,0x00,0x01,0xF8,0x00,0x00,0x01,0xF8,0x00,0x00,0x01,0xF8,0x00,0x00,0x01,0xF8,0x00,0x00,0x01,0xF8,0x00,0x00,0x01,0xF8,0x00,0x00,0x01,0xF8,0x00,0x00,0x01,0xF8,0x00,0x00,0x01,0xF8,0x00,0x00,0x01,0xF8,0x00,0x00,0x00,0xF0,0x00,0x00,0x00,0x60,0x00,0x00,0x00,0x00,0x00,0x00,0x00,0x00,0x00,0x00,0x00,0x00,0x00,0x00,0x00,0x00,0x00,0x00,0x00,0x00,0x00,0x00,0x00,0x00,  // 7
	0x00,0x00,0x00,0x00,0x00,0x00,0x00,0x00,0x00,0xFF,0xFE,0x00,0x01,0xFF,0xFF,0x00,0x03,0xFF,0xFF,0x80,0x01,0xFF,0xFF,0x60,0x0C,0xFF,0xFE,0xF0,0x1E,0x00,0x01,0xF8,0x3F,0x00,0x01,0xF8,0x3F,0x00,0x01,0xF8,0x3F,0x00,0x01,0xF8,0x3F,0x00,0x01,0xF8,0x3F,0x00,0x01,0xF8,0x3F,0x00,0x01,0xF8,0x3F,0x00,0x01,0xF8,0x3F,0x00,0x01,0xF8,0x3F,0x00,0x01,0xF8,0x3F,0x00,0x01,0xF8,0x3F,0x00,0x01,0xF8,0x3F,0x00,0x01,0xF8,0x3F,0x00,0x01,0xF8,0x3E,0x00,0x00,0x78,0x39,0xFF,0xFE,0x18,0x23,0xFF,0xFF,0x88,0x0F,0xFF,0xFF,0xE0,0x27,0xFF,0xFF,0xC0,0x39,0xFF,0xFF,0x18,0x3E,0x00,0x00,0x78,0x3F,0x00,0x01,0xF8,0x3F,0x00,0x01,0xF8,0x3F,0x00,0x01,0xF8,0x3F,0x00,0x01,0xF8,0x3F,0x00,0x01,0xF8,0x3F,0x00,0x01,0xF8,0x3F,0x00,0x01,0xF8,0x3F,0x00,0x01,0xF8,0x3F,0x00,0x01,0xF8,0x3F,0x00,0x01,0xF8,0x3F,0x00,0x01,0xF8,0x3F,0x00,0x01,0xF8,0x3F,0x00,0x01,0xF8,0x3F,0x00,0x01,0xF8,0x1E,0x00,0x00,0xF0,0x0C,0xFF,0xFE,0x60,0x01,0xFF,0xFF,0x00,0x03,0xFF,0xFF,0x80,0x01,0xFF,0xFF,0x00,0x00,0xFF,0xFE,0x00,0x00,0x00,0x00,0x00,0x00,0x00,0x00,0x00,  // 8
	0x00,0x00,0x00,0x00,0x00,0x00,0x00,0x00,0x00,0xFF,0xFE,0x00,0x01,0xFF,0xFF,0x00,0x03,0xFF,0xFF,0x80,0x01,0xFF,0xFF,0x60,0x0C,0xFF,0xFE,0xF0,0x1E,0x00,0x01,0xF8,0x3F,0x00,0x01,0xF8,0x3F,0x00,0x01,0xF8,0x3F,0x00,0x01,0xF8,0x3F,0x00,0x01,0xF8,0x3F,0x00,0x01,0xF8,0x3F,0x00,0x01,0xF8,0x3F,0x00,0x01,0xF8,0x3F,0x00,0x01,0xF8,0x3F,0x00,0x01,0xF8,0x3F,0x00,0x01,0xF8,0x3F,0x00,0x01,0xF8,0x3F,0x00,0x01,0xF8,0x3F,0x00,0x01,0xF8,0x3E,0x00,0x00,0x78,0x39,0xFF,0xFE,0x18,0x23,0xFF,0xFF,0x88,0x0F,0xFF,0xFF,0xE0,0x07,0xFF,0xFF,0xC0,0x01,0xFF,0xFF,0x18,0x00,0x00,0x00,0x78,0x00,0x00,0x01,0xF8,0x00,0x00,0x01,0xF8,0x00,0x00,0x01,0xF8,0x00,0x00,0x01,0xF8,0x00,0x00,0x01,0xF8,0x00,0x00,0x01,0xF8,0x00,0x00,0x01,0xF8,0x00,0x00,0x01,0xF8,0x00,0x00,0x01,0xF8,0x00,0x00,0x01,0xF8,0x00,0x00,0x01,0xF8,0x00,0x00,0x01,0xF8,0x00,0x00,0x01,0xF8,0x00,0x00,0x01,0xF8,0x00,0x00,0x00,0xF0,0x00,0xFF,0xFE,0x60,0x01,0xFF,0xFF,0x00,0x03,0xFF,0xFF,0x80,0x01,0xFF,0xFF,0x00,0x00,0xFF,0xFE,0x00,0x00,0x00,0x00,0x00,0x00,0x00,0x00,0x00,  // 9
};


 

const uint8_t GroteskBold24x48[13684] PROGMEM={
	0x18,0x30,0x20,0x5F,
	0x00,0x00,0x00,0x00,0x00,0x00,0x00,0x00,0x00,0x00,0x00,0x00,0x00,0x00,0x00,0x00,0x00,0x00,0x00,0x00,0x00,0x00,0x00,0x00,0x00,0x00,0x00,0x00,0x00,0x00,0x00,0x00,0x00,0x00,0x00,0x00,0x00,0x00,0x00,0x00,0x00,0x00,0x00,0x00,0x00,0x00,0x00,0x00,0x00,0x00,0x00,0x00,0x00,0x00,0x00,0x00,0x00,0x00,0x00,0x00,0x00,0x00,0x00,0x00,0x00,0x00,0x00,0x00,0x00,0x00,0x00,0x00,0x00,0x00,0x00,0x00,0x00,0x00,0x00,0x00,0x00,0x00,0x00,0x00,0x00,0x00,0x00,0x00,0x00,0x00,0x00,0x00,0x00,0x00,0x00,0x00,0x00,0x00,0x00,0x00,0x00,0x00,0x00,0x00,0x00,0x00,0x00,0x00,0x00,0x00,0x00,0x00,0x00,0x00,0x00,0x00,0x00,0x00,0x00,0x00,0x00,0x00,0x00,0x00,0x00,0x00,0x00,0x00,0x00,0x00,0x00,0x00,0x00,0x00,0x00,0x00,0x00,0x00,0x00,0x00,0x00,0x00,0x00,0x00,  // <space>
	0x00,0x00,0x00,0x00,0x00,0x00,0x00,0x00,0x00,0x00,0x00,0x00,0x00,0x3E,0x00,0x00,0x7E,0x00,0x00,0x7E,0x00,0x00,0x7E,0x00,0x00,0x7E,0x00,0x00,0x7E,0x00,0x00,0x7E,0x00,0x00,0x7E,0x00,0x00,0x7E,0x00,0x00,0x7E,0x00,0x00,0x7E,0x00,0x00,0x7E,0x00,0x00,0x7E,0x00,0x00,0x7E,0x00,0x00,0x7E,0x00,0x00,0x7E,0x00,0x00,0x7E,0x00,0x00,0x7E,0x00,0x00,0x7E,0x00,0x00,0x7E,0x00,0x00,0x3E,0x00,0x00,0x3C,0x00,0x00,0x3C,0x00,0x00,0x3C,0x00,0x00,0x3C,0x00,0x00,0x3C,0x00,0x00,0x00,0x00,0x00,0x00,0x00,0x00,0x00,0x00,0x00,0x00,0x00,0x00,0x00,0x00,0x00,0x7E,0x00,0x00,0x7E,0x00,0x00,0x7E,0x00,0x00,0x7E,0x00,0x00,0x7E,0x00,0x00,0x7E,0x00,0x00,0x7E,0x00,0x00,0x00,0x00,0x00,0x00,0x00,0x00,0x00,0x00,0x00,0x00,0x00,0x00,0x00,0x00,0x00,0x00,0x00,  // !
	0x00,0x00,0x00,0x00,0x00,0x00,0x00,0x00,0x00,0x03,0xE0,0x78,0x03,0xE0,0xF8,0x03,0xE0,0xF8,0x07,0xC1,0xF8,0x07,0xC1,0xF0,0x0F,0xC1,0xF0,0x0F,0xC3,0xF0,0x0F,0xC3,0xF0,0x1F,0x87,0xF0,0x1F,0x87,0xE0,0x1F,0x87,0xF0,0x1F,0x87,0xF0,0x1F,0x87,0xF0,0x1F,0x87,0xF0,0x1F,0x87,0xF0,0x1F,0x87,0xF0,0x00,0x00,0x00,0x00,0x00,0x00,0x00,0x00,0x00,0x00,0x00,0x00,0x00,0x00,0x00,0x00,0x00,0x00,0x00,0x00,0x00,0x00,0x00,0x00,0x00,0x00,0x00,0x00,0x00,0x00,0x00,0x00,0x00,0x00,0x00,0x00,0x00,0x00,0x00,0x00,0x00,0x00,0x00,0x00,0x00,0x00,0x00,0x00,0x00,0x00,0x00,0x00,0x00,0x00,0x00,0x00,0x00,0x00,0x00,0x00,0x00,0x00,0x00,0x00,0x00,0x00,0x00,0x00,0x00,0x00,0x00,0x00,0x00,0x00,0x00,0x00,0x00,0x00,0x00,0x00,0x00,0x00,0x00,0x00,0x00,0x00,0x00,  // "
	0x00,0x00,0x00,0x00,0x00,0x00,0x00,0x00,0x00,0x00,0x00,0x00,0x00,0x00,0x00,0x00,0x7C,0x3C,0x00,0x7C,0x7C,0x00,0x78,0x7C,0x00,0x78,0x7C,0x00,0x78,0x78,0x00,0xF8,0x78,0x00,0xF8,0xF8,0x00,0xF8,0xF8,0x00,0xF0,0xF0,0x3F,0xFF,0xFF,0x3F,0xFF,0xFF,0x3F,0xFF,0xFF,0x3F,0xFF,0xFF,0x3F,0xFF,0xFF,0x3F,0xFF,0xFF,0x03,0xE1,0xE0,0x03,0xE1,0xE0,0x03,0xE3,0xE0,0x03,0xC3,0xE0,0x03,0xC3,0xE0,0x07,0xC3,0xC0,0x07,0xC7,0xC0,0xFF,0xFF,0xFC,0xFF,0xFF,0xFC,0xFF,0xFF,0xFC,0xFF,0xFF,0xFC,0xFF,0xFF,0xFC,0xFF,0xFF,0xFC,0x0F,0x0F,0x80,0x0F,0x0F,0x80,0x1F,0x0F,0x00,0x1F,0x0F,0x00,0x1F,0x1F,0x00,0x1E,0x1F,0x00,0x1E,0x1F,0x00,0x3E,0x1E,0x00,0x3E,0x1E,0x00,0x00,0x00,0x00,0x00,0x00,0x00,0x00,0x00,0x00,0x00,0x00,0x00,0x00,0x00,0x00,0x00,0x00,0x00,  // #
	0x00,0x18,0x00,0x00,0x1C,0x00,0x00,0x1C,0x00,0x00,0x1C,0x00,0x00,0x1C,0x00,0x00,0x1C,0x00,0x00,0x3E,0x00,0x01,0xFF,0xE0,0x03,0xFF,0xF0,0x07,0xFF,0xF0,0x0F,0xFF,0xF0,0x0F,0xFF,0xF0,0x0F,0xDD,0xF0,0x1F,0x9C,0x30,0x1F,0x9C,0x00,0x1F,0x9C,0x00,0x1F,0x9C,0x00,0x1F,0x9C,0x00,0x1F,0xDC,0x00,0x0F,0xFC,0x00,0x0F,0xFF,0x00,0x07,0xFF,0xC0,0x07,0xFF,0xE0,0x03,0xFF,0xF0,0x01,0xFF,0xF0,0x00,0x7F,0xF8,0x00,0x1F,0xF8,0x00,0x1D,0xF8,0x00,0x1C,0xFC,0x00,0x1C,0xFC,0x00,0x1C,0xFC,0x18,0x1C,0xFC,0x1C,0x1C,0xF8,0x1F,0x9D,0xF8,0x1F,0xFF,0xF8,0x1F,0xFF,0xF0,0x1F,0xFF,0xF0,0x0F,0xFF,0xE0,0x07,0xFF,0xC0,0x00,0xFF,0x00,0x00,0x1C,0x00,0x00,0x1C,0x00,0x00,0x1C,0x00,0x00,0x1C,0x00,0x00,0x1C,0x00,0x00,0x1C,0x00,0x00,0x1C,0x00,0x00,0x18,0x00,  // $
	0x00,0x00,0x00,0x00,0x00,0x00,0x00,0x00,0x00,0x00,0x00,0x00,0x00,0x00,0x00,0x00,0x00,0x00,0x0F,0xC0,0x00,0x1F,0xE0,0x00,0x3F,0xF0,0x00,0x7F,0xF0,0x00,0x7F,0xF8,0x00,0x78,0x78,0x00,0xF0,0x78,0x00,0xF0,0x78,0x00,0xF0,0x78,0x00,0x78,0x78,0x00,0x7C,0xF8,0x00,0x7F,0xF0,0x04,0x3F,0xF0,0x1E,0x3F,0xE0,0x7E,0x1F,0xC1,0xF8,0x07,0x87,0xE0,0x00,0x0F,0x80,0x00,0x3E,0x00,0x00,0xFC,0x00,0x03,0xF0,0x00,0x0F,0xC1,0xF0,0x3F,0x03,0xF8,0x3C,0x07,0xFC,0x30,0x0F,0xFE,0x00,0x0F,0xFE,0x00,0x0F,0x1E,0x00,0x1E,0x0F,0x00,0x1E,0x0F,0x00,0x1E,0x0F,0x00,0x1E,0x0F,0x00,0x0F,0x1E,0x00,0x0F,0xFE,0x00,0x0F,0xFE,0x00,0x07,0xFC,0x00,0x03,0xF8,0x00,0x01,0xF0,0x00,0x00,0x00,0x00,0x00,0x00,0x00,0x00,0x00,0x00,0x00,0x00,0x00,0x00,0x00,0x00,0x00,0x00,  // %
	0x00,0x00,0x00,0x00,0x00,0x00,0x00,0x00,0x00,0x00,0x3E,0x00,0x00,0xFF,0xC0,0x01,0xFF,0xC0,0x03,0xFF,0xC0,0x07,0xFF,0xC0,0x07,0xFF,0xC0,0x0F,0xF3,0xC0,0x0F,0xC0,0x40,0x0F,0xC0,0x00,0x0F,0xC0,0x00,0x0F,0xC0,0x00,0x0F,0xC0,0x00,0x07,0xE0,0x00,0x07,0xE0,0x00,0x03,0xF0,0x00,0x03,0xF0,0x00,0x07,0xF8,0x00,0x0F,0xF8,0x00,0x0F,0xFC,0x00,0x1F,0xFC,0x00,0x3F,0xFE,0x1F,0x3F,0x7E,0x1F,0x3E,0x7F,0x1F,0x7E,0x3F,0x1F,0x7C,0x1F,0x9F,0x7C,0x1F,0x9F,0x7C,0x0F,0xDE,0x7C,0x0F,0xFE,0x7C,0x07,0xFE,0x7E,0x07,0xFE,0x7E,0x03,0xFC,0x7F,0x03,0xFC,0x7F,0x03,0xF8,0x3F,0xCF,0xF8,0x3F,0xFF,0xFC,0x1F,0xFF,0xFC,0x1F,0xFF,0xFE,0x0F,0xFF,0xFE,0x03,0xFE,0x3F,0x00,0xF8,0x00,0x00,0x00,0x00,0x00,0x00,0x00,0x00,0x00,0x00,0x00,0x00,0x00,0x00,0x00,0x00,  // &
	0x00,0x00,0x00,0x00,0x00,0x00,0x00,0x00,0x00,0x00,0x0F,0x80,0x00,0x0F,0x00,0x00,0x1F,0x00,0x00,0x1F,0x00,0x00,0x3F,0x00,0x00,0x3F,0x00,0x00,0x3E,0x00,0x00,0x7E,0x00,0x00,0x7E,0x00,0x00,0xFE,0x00,0x00,0xFE,0x00,0x00,0xFE,0x00,0x00,0xFE,0x00,0x00,0xFE,0x00,0x00,0xFE,0x00,0x00,0xFE,0x00,0x00,0x00,0x00,0x00,0x00,0x00,0x00,0x00,0x00,0x00,0x00,0x00,0x00,0x00,0x00,0x00,0x00,0x00,0x00,0x00,0x00,0x00,0x00,0x00,0x00,0x00,0x00,0x00,0x00,0x00,0x00,0x00,0x00,0x00,0x00,0x00,0x00,0x00,0x00,0x00,0x00,0x00,0x00,0x00,0x00,0x00,0x00,0x00,0x00,0x00,0x00,0x00,0x00,0x00,0x00,0x00,0x00,0x00,0x00,0x00,0x00,0x00,0x00,0x00,0x00,0x00,0x00,0x00,0x00,0x00,0x00,0x00,0x00,0x00,0x00,0x00,0x00,0x00,0x00,0x00,0x00,0x00,0x00,0x00,0x00,0x00,0x00,  // '
	0x00,0x00,0x00,0x00,0x07,0xC0,0x00,0x07,0xC0,0x00,0x0F,0x80,0x00,0x0F,0x80,0x00,0x1F,0x80,0x00,0x1F,0x00,0x00,0x1F,0x00,0x00,0x3F,0x00,0x00,0x3E,0x00,0x00,0x3E,0x00,0x00,0x7E,0x00,0x00,0x7E,0x00,0x00,0x7C,0x00,0x00,0x7C,0x00,0x00,0xFC,0x00,0x00,0xFC,0x00,0x00,0xFC,0x00,0x00,0xFC,0x00,0x00,0xFC,0x00,0x00,0xF8,0x00,0x00,0xF8,0x00,0x00,0xF8,0x00,0x00,0xF8,0x00,0x00,0xF8,0x00,0x00,0xF8,0x00,0x00,0xF8,0x00,0x00,0xFC,0x00,0x00,0xFC,0x00,0x00,0xFC,0x00,0x00,0xFC,0x00,0x00,0xFC,0x00,0x00,0xFC,0x00,0x00,0x7C,0x00,0x00,0x7C,0x00,0x00,0x7E,0x00,0x00,0x7E,0x00,0x00,0x3E,0x00,0x00,0x3E,0x00,0x00,0x3F,0x00,0x00,0x1F,0x00,0x00,0x1F,0x00,0x00,0x0F,0x80,0x00,0x0F,0x80,0x00,0x0F,0x80,0x00,0x07,0xC0,0x00,0x07,0xC0,0x00,0x00,0x00,  // (
	0x00,0x00,0x00,0x03,0xE0,0x00,0x01,0xF0,0x00,0x01,0xF0,0x00,0x00,0xF8,0x00,0x00,0xF8,0x00,0x00,0xF8,0x00,0x00,0x7C,0x00,0x00,0x7C,0x00,0x00,0x7E,0x00,0x00,0x7E,0x00,0x00,0x3E,0x00,0x00,0x3E,0x00,0x00,0x3F,0x00,0x00,0x3F,0x00,0x00,0x3F,0x00,0x00,0x1F,0x00,0x00,0x1F,0x00,0x00,0x1F,0x80,0x00,0x1F,0x80,0x00,0x1F,0x80,0x00,0x1F,0x80,0x00,0x1F,0x80,0x00,0x1F,0x80,0x00,0x1F,0x80,0x00,0x1F,0x80,0x00,0x1F,0x80,0x00,0x1F,0x80,0x00,0x1F,0x80,0x00,0x1F,0x80,0x00,0x1F,0x00,0x00,0x1F,0x00,0x00,0x3F,0x00,0x00,0x3F,0x00,0x00,0x3F,0x00,0x00,0x3E,0x00,0x00,0x3E,0x00,0x00,0x7E,0x00,0x00,0x7E,0x00,0x00,0x7C,0x00,0x00,0x7C,0x00,0x00,0xF8,0x00,0x00,0xF8,0x00,0x00,0xF8,0x00,0x01,0xF0,0x00,0x01,0xF0,0x00,0x03,0xE0,0x00,0x00,0x00,0x00,  // )
	0x00,0x00,0x00,0x00,0x00,0x00,0x00,0x00,0x00,0x00,0x00,0x00,0x00,0x00,0x00,0x00,0x00,0x00,0x00,0x00,0x00,0x00,0x00,0x00,0x00,0x00,0x00,0x00,0x3C,0x00,0x00,0x3C,0x00,0x00,0x3C,0x00,0x00,0x3C,0x00,0x00,0x3C,0x00,0x30,0x3C,0x0C,0x38,0x3C,0x1C,0x7C,0x3C,0x3E,0x7E,0x3C,0x7E,0x3F,0xBD,0xFC,0x1F,0xFF,0xF8,0x07,0xFF,0xF0,0x03,0xFF,0xC0,0x00,0xFF,0x80,0x00,0x7F,0x00,0x00,0xFF,0x80,0x03,0xFF,0xC0,0x07,0xFF,0xF0,0x1F,0xFF,0xF8,0x3F,0xBD,0xFC,0x7E,0x3C,0x7E,0x7C,0x3C,0x3E,0x38,0x3C,0x1C,0x30,0x3C,0x0C,0x00,0x3C,0x00,0x00,0x3C,0x00,0x00,0x3C,0x00,0x00,0x3C,0x00,0x00,0x3C,0x00,0x00,0x00,0x00,0x00,0x00,0x00,0x00,0x00,0x00,0x00,0x00,0x00,0x00,0x00,0x00,0x00,0x00,0x00,0x00,0x00,0x00,0x00,0x00,0x00,0x00,0x00,0x00,0x00,0x00,0x00,  // *
	0x00,0x00,0x00,0x00,0x00,0x00,0x00,0x00,0x00,0x00,0x00,0x00,0x00,0x00,0x00,0x00,0x00,0x00,0x00,0x00,0x00,0x00,0x00,0x00,0x00,0x00,0x00,0x00,0x3E,0x00,0x00,0x3E,0x00,0x00,0x3E,0x00,0x00,0x3E,0x00,0x00,0x3E,0x00,0x00,0x3E,0x00,0x00,0x3E,0x00,0x00,0x3E,0x00,0x00,0x3E,0x00,0x00,0x3E,0x00,0x00,0x3E,0x00,0x7F,0xFF,0xFE,0x7F,0xFF,0xFE,0x7F,0xFF,0xFE,0x7F,0xFF,0xFE,0x7F,0xFF,0xFE,0x7F,0xFF,0xFE,0x00,0x3E,0x00,0x00,0x3E,0x00,0x00,0x3E,0x00,0x00,0x3E,0x00,0x00,0x3E,0x00,0x00,0x3E,0x00,0x00,0x3E,0x00,0x00,0x3E,0x00,0x00,0x3E,0x00,0x00,0x3E,0x00,0x00,0x3E,0x00,0x00,0x00,0x00,0x00,0x00,0x00,0x00,0x00,0x00,0x00,0x00,0x00,0x00,0x00,0x00,0x00,0x00,0x00,0x00,0x00,0x00,0x00,0x00,0x00,0x00,0x00,0x00,0x00,0x00,0x00,0x00,0x00,0x00,  // +
	0x00,0x00,0x00,0x00,0x00,0x00,0x00,0x00,0x00,0x00,0x00,0x00,0x00,0x00,0x00,0x00,0x00,0x00,0x00,0x00,0x00,0x00,0x00,0x00,0x00,0x00,0x00,0x00,0x00,0x00,0x00,0x00,0x00,0x00,0x00,0x00,0x00,0x00,0x00,0x00,0x00,0x00,0x00,0x00,0x00,0x00,0x00,0x00,0x00,0x00,0x00,0x00,0x00,0x00,0x00,0x00,0x00,0x00,0x00,0x00,0x00,0x00,0x00,0x00,0x00,0x00,0x00,0x00,0x00,0x00,0x00,0x00,0x00,0x00,0x00,0x00,0x00,0x00,0x00,0x00,0x00,0x00,0x00,0x00,0x00,0x00,0x00,0x00,0x00,0x00,0x00,0x7F,0x00,0x00,0x7F,0x00,0x00,0x7F,0x00,0x00,0x7F,0x00,0x00,0x7F,0x00,0x00,0x7F,0x00,0x00,0x7F,0x00,0x00,0x7F,0x00,0x00,0x7E,0x00,0x00,0x7E,0x00,0x00,0xFC,0x00,0x00,0xFC,0x00,0x00,0xF8,0x00,0x00,0xF8,0x00,0x00,0xF8,0x00,0x01,0xF0,0x00,0x00,0xE0,0x00,0x00,0x00,0x00,  // ,
	0x00,0x00,0x00,0x00,0x00,0x00,0x00,0x00,0x00,0x00,0x00,0x00,0x00,0x00,0x00,0x00,0x00,0x00,0x00,0x00,0x00,0x00,0x00,0x00,0x00,0x00,0x00,0x00,0x00,0x00,0x00,0x00,0x00,0x00,0x00,0x00,0x00,0x00,0x00,0x00,0x00,0x00,0x00,0x00,0x00,0x00,0x00,0x00,0x00,0x00,0x00,0x00,0x00,0x00,0x00,0x00,0x00,0x00,0x00,0x00,0x00,0x00,0x00,0x3F,0xFF,0xFE,0x3F,0xFF,0xFE,0x3F,0xFF,0xFE,0x3F,0xFF,0xFE,0x3F,0xFF,0xFE,0x3F,0xFF,0xFE,0x3F,0xFF,0xFE,0x00,0x00,0x00,0x00,0x00,0x00,0x00,0x00,0x00,0x00,0x00,0x00,0x00,0x00,0x00,0x00,0x00,0x00,0x00,0x00,0x00,0x00,0x00,0x00,0x00,0x00,0x00,0x00,0x00,0x00,0x00,0x00,0x00,0x00,0x00,0x00,0x00,0x00,0x00,0x00,0x00,0x00,0x00,0x00,0x00,0x00,0x00,0x00,0x00,0x00,0x00,0x00,0x00,0x00,0x00,0x00,0x00,0x00,0x00,0x00,  // -
	0x00,0x00,0x00,0x00,0x00,0x00,0x00,0x00,0x00,0x00,0x00,0x00,0x00,0x00,0x00,0x00,0x00,0x00,0x00,0x00,0x00,0x00,0x00,0x00,0x00,0x00,0x00,0x00,0x00,0x00,0x00,0x00,0x00,0x00,0x00,0x00,0x00,0x00,0x00,0x00,0x00,0x00,0x00,0x00,0x00,0x00,0x00,0x00,0x00,0x00,0x00,0x00,0x00,0x00,0x00,0x00,0x00,0x00,0x00,0x00,0x00,0x00,0x00,0x00,0x00,0x00,0x00,0x00,0x00,0x00,0x00,0x00,0x00,0x00,0x00,0x00,0x00,0x00,0x00,0x00,0x00,0x00,0x00,0x00,0x00,0x00,0x00,0x00,0x00,0x00,0x00,0x00,0x00,0x00,0x00,0x00,0x00,0x00,0x00,0x00,0x7F,0x00,0x00,0x7F,0x00,0x00,0x7F,0x00,0x00,0x7F,0x00,0x00,0x7F,0x00,0x00,0x7F,0x00,0x00,0x7F,0x00,0x00,0x7F,0x00,0x00,0x7F,0x00,0x00,0x00,0x00,0x00,0x00,0x00,0x00,0x00,0x00,0x00,0x00,0x00,0x00,0x00,0x00,0x00,0x00,0x00,  // .
	0x00,0x00,0x00,0x00,0x00,0x00,0x00,0x00,0x00,0x00,0x00,0x00,0x00,0x00,0x00,0x00,0x00,0x00,0x00,0x00,0x3C,0x00,0x00,0x7C,0x00,0x00,0x78,0x00,0x00,0xF8,0x00,0x00,0xF0,0x00,0x00,0xF0,0x00,0x01,0xF0,0x00,0x01,0xE0,0x00,0x03,0xE0,0x00,0x03,0xC0,0x00,0x07,0xC0,0x00,0x07,0x80,0x00,0x07,0x80,0x00,0x0F,0x80,0x00,0x0F,0x00,0x00,0x1F,0x00,0x00,0x1E,0x00,0x00,0x3E,0x00,0x00,0x3E,0x00,0x00,0x3C,0x00,0x00,0x7C,0x00,0x00,0x78,0x00,0x00,0xF8,0x00,0x00,0xF0,0x00,0x01,0xF0,0x00,0x01,0xE0,0x00,0x01,0xE0,0x00,0x03,0xE0,0x00,0x03,0xC0,0x00,0x07,0xC0,0x00,0x07,0x80,0x00,0x0F,0x80,0x00,0x0F,0x80,0x00,0x0F,0x00,0x00,0x1F,0x00,0x00,0x1E,0x00,0x00,0x00,0x00,0x00,0x00,0x00,0x00,0x00,0x00,0x00,0x00,0x00,0x00,0x00,0x00,0x00,0x00,0x00,0x00,  // /

	0x00,0x00,0x00,0x00,0x00,0x00,0x00,0x00,0x00,0x00,0x3C,0x00,0x00,0xFF,0x00,0x01,0xFF,0xC0,0x03,0xFF,0xC0,0x07,0xFF,0xE0,0x07,0xFF,0xF0,0x0F,0xFF,0xF0,0x0F,0xE3,0xF0,0x0F,0xC3,0xF8,0x0F,0xC1,0xF8,0x1F,0x81,0xF8,0x1F,0x83,0xF8,0x1F,0x83,0xFC,0x1F,0x87,0xFC,0x1F,0x87,0xFC,0x1F,0x8F,0xFC,0x1F,0x8F,0xFC,0x1F,0x8E,0xFC,0x1F,0x9C,0xFC,0x1F,0x9C,0xFC,0x1F,0xB8,0xFC,0x1F,0x38,0xFC,0x1F,0x70,0xFC,0x1F,0xF0,0xFC,0x1F,0xF0,0xFC,0x1F,0xE0,0xFC,0x1F,0xE0,0xFC,0x1F,0xC1,0xFC,0x1F,0xC1,0xF8,0x1F,0x81,0xF8,0x1F,0x81,0xF8,0x0F,0xC3,0xF8,0x0F,0xC3,0xF0,0x0F,0xFF,0xF0,0x07,0xFF,0xF0,0x07,0xFF,0xE0,0x03,0xFF,0xE0,0x01,0xFF,0xC0,0x00,0xFF,0x80,0x00,0x7E,0x00,0x00,0x00,0x00,0x00,0x00,0x00,0x00,0x00,0x00,0x00,0x00,0x00,0x00,0x00,0x00,  // 0
	0x00,0x00,0x00,0x00,0x00,0x00,0x00,0x00,0x00,0x00,0x00,0x00,0x00,0x7F,0x00,0x03,0xFF,0x00,0x0F,0xFF,0x00,0x0F,0xFF,0x00,0x0F,0xFF,0x00,0x0F,0xFF,0x00,0x0F,0xFF,0x00,0x0F,0xBF,0x00,0x0C,0x3F,0x00,0x00,0x3F,0x00,0x00,0x3F,0x00,0x00,0x3F,0x00,0x00,0x3F,0x00,0x00,0x3F,0x00,0x00,0x3F,0x00,0x00,0x3F,0x00,0x00,0x3F,0x00,0x00,0x3F,0x00,0x00,0x3F,0x00,0x00,0x3F,0x00,0x00,0x3F,0x00,0x00,0x3F,0x00,0x00,0x3F,0x00,0x00,0x3F,0x00,0x00,0x3F,0x00,0x00,0x3F,0x00,0x00,0x3F,0x00,0x00,0x3F,0x00,0x00,0x3F,0x00,0x00,0x3F,0x00,0x00,0x3F,0x00,0x0F,0xFF,0xFC,0x0F,0xFF,0xFE,0x0F,0xFF,0xFE,0x0F,0xFF,0xFE,0x0F,0xFF,0xFE,0x0F,0xFF,0xFE,0x0F,0xFF,0xFC,0x00,0x00,0x00,0x00,0x00,0x00,0x00,0x00,0x00,0x00,0x00,0x00,0x00,0x00,0x00,0x00,0x00,0x00,  // 1
	0x00,0x00,0x00,0x00,0x00,0x00,0x00,0x00,0x00,0x00,0x78,0x00,0x07,0xFF,0x00,0x1F,0xFF,0xC0,0x1F,0xFF,0xE0,0x1F,0xFF,0xE0,0x1F,0xFF,0xF0,0x1F,0xCF,0xF0,0x1C,0x03,0xF8,0x18,0x03,0xF8,0x00,0x01,0xF8,0x00,0x01,0xF8,0x00,0x01,0xF8,0x00,0x01,0xF8,0x00,0x01,0xF8,0x00,0x01,0xF8,0x00,0x03,0xF0,0x00,0x03,0xF0,0x00,0x07,0xE0,0x00,0x0F,0xE0,0x00,0x0F,0xC0,0x00,0x1F,0xC0,0x00,0x3F,0x80,0x00,0x3F,0x00,0x00,0x7F,0x00,0x00,0xFE,0x00,0x00,0xFC,0x00,0x01,0xF8,0x00,0x03,0xF8,0x00,0x07,0xF0,0x00,0x07,0xE0,0x00,0x0F,0xC0,0x00,0x1F,0x80,0x00,0x1F,0xFF,0xF8,0x3F,0xFF,0xF8,0x3F,0xFF,0xF8,0x3F,0xFF,0xF8,0x3F,0xFF,0xF8,0x3F,0xFF,0xF8,0x3F,0xFF,0xF8,0x00,0x00,0x00,0x00,0x00,0x00,0x00,0x00,0x00,0x00,0x00,0x00,0x00,0x00,0x00,0x00,0x00,0x00,  // 2
	0x00,0x00,0x00,0x00,0x00,0x00,0x00,0x00,0x00,0x00,0x7C,0x00,0x07,0xFF,0x00,0x0F,0xFF,0xC0,0x1F,0xFF,0xE0,0x1F,0xFF,0xF0,0x1F,0xFF,0xF0,0x1F,0xFF,0xF0,0x1E,0x07,0xF8,0x08,0x01,0xF8,0x00,0x01,0xF8,0x00,0x01,0xF8,0x00,0x01,0xF8,0x00,0x01,0xF8,0x00,0x01,0xF8,0x00,0x03,0xF0,0x00,0xFF,0xF0,0x00,0xFF,0xE0,0x00,0xFF,0xC0,0x00,0xFF,0x00,0x00,0xFF,0xC0,0x00,0xFF,0xE0,0x00,0xFF,0xF0,0x00,0x07,0xF0,0x00,0x01,0xF8,0x00,0x01,0xF8,0x00,0x00,0xFC,0x00,0x00,0xFC,0x00,0x00,0xFC,0x00,0x00,0xFC,0x00,0x00,0xFC,0x00,0x00,0xFC,0x10,0x01,0xFC,0x1C,0x03,0xF8,0x1F,0xFF,0xF8,0x1F,0xFF,0xF8,0x1F,0xFF,0xF0,0x1F,0xFF,0xE0,0x1F,0xFF,0xC0,0x0F,0xFF,0x80,0x01,0xFE,0x00,0x00,0x00,0x00,0x00,0x00,0x00,0x00,0x00,0x00,0x00,0x00,0x00,0x00,0x00,0x00,  // 3
	0x00,0x00,0x00,0x00,0x00,0x00,0x00,0x00,0x00,0x00,0x00,0x00,0x00,0x07,0xE0,0x00,0x07,0xF0,0x00,0x0F,0xF0,0x00,0x0F,0xF0,0x00,0x1F,0xF0,0x00,0x1F,0xF0,0x00,0x3F,0xF0,0x00,0x3F,0xF0,0x00,0x7F,0xF0,0x00,0x7F,0xF0,0x00,0xFB,0xF0,0x00,0xF3,0xF0,0x01,0xF3,0xF0,0x01,0xF3,0xF0,0x03,0xE3,0xF0,0x03,0xE3,0xF0,0x07,0xC3,0xF0,0x07,0xC3,0xF0,0x0F,0x83,0xF0,0x0F,0x83,0xF0,0x1F,0x03,0xF0,0x1F,0x03,0xF0,0x3E,0x03,0xE0,0x3F,0xFF,0xFC,0x3F,0xFF,0xFE,0x3F,0xFF,0xFE,0x3F,0xFF,0xFE,0x3F,0xFF,0xFE,0x3F,0xFF,0xFE,0x3F,0xFF,0xFC,0x00,0x03,0xE0,0x00,0x03,0xE0,0x00,0x03,0xF0,0x00,0x03,0xF0,0x00,0x03,0xF0,0x00,0x03,0xF0,0x00,0x03,0xF0,0x00,0x03,0xE0,0x00,0x00,0x00,0x00,0x00,0x00,0x00,0x00,0x00,0x00,0x00,0x00,0x00,0x00,0x00,0x00,0x00,0x00,  // 4
	0x00,0x00,0x00,0x00,0x00,0x00,0x00,0x00,0x00,0x00,0x00,0x00,0x0F,0xFF,0xF0,0x0F,0xFF,0xF0,0x0F,0xFF,0xF0,0x0F,0xFF,0xF0,0x0F,0xFF,0xF0,0x0F,0xFF,0xF0,0x0F,0xFF,0xF0,0x0F,0x80,0x00,0x0F,0x80,0x00,0x0F,0x80,0x00,0x0F,0x80,0x00,0x0F,0x80,0x00,0x0F,0x80,0x00,0x0F,0xFE,0x00,0x0F,0xFF,0x80,0x0F,0xFF,0xC0,0x0F,0xFF,0xE0,0x0F,0xFF,0xF0,0x0F,0xFF,0xF0,0x0F,0x9F,0xF8,0x0C,0x03,0xF8,0x00,0x01,0xF8,0x00,0x01,0xFC,0x00,0x00,0xFC,0x00,0x00,0xFC,0x00,0x00,0xFC,0x00,0x00,0xFC,0x00,0x00,0xFC,0x00,0x00,0xFC,0x00,0x01,0xFC,0x00,0x01,0xF8,0x1C,0x07,0xF8,0x1F,0xFF,0xF8,0x1F,0xFF,0xF0,0x1F,0xFF,0xE0,0x1F,0xFF,0xE0,0x1F,0xFF,0xC0,0x0F,0xFF,0x00,0x01,0xFC,0x00,0x00,0x00,0x00,0x00,0x00,0x00,0x00,0x00,0x00,0x00,0x00,0x00,0x00,0x00,0x00,  // 5
	0x00,0x00,0x00,0x00,0x00,0x00,0x00,0x00,0x00,0x00,0x07,0x00,0x00,0x3F,0xE0,0x00,0xFF,0xF0,0x01,0xFF,0xF0,0x03,0xFF,0xF0,0x03,0xFF,0xF0,0x07,0xFF,0xF0,0x07,0xF0,0x30,0x0F,0xE0,0x10,0x0F,0xC0,0x00,0x0F,0xC0,0x00,0x1F,0x80,0x00,0x1F,0x80,0x00,0x1F,0x80,0x00,0x1F,0x9F,0x80,0x1F,0x3F,0xC0,0x1F,0x7F,0xF0,0x1F,0xFF,0xF0,0x1F,0xFF,0xF8,0x1F,0xFF,0xF8,0x1F,0xF3,0xFC,0x1F,0xC1,0xFC,0x1F,0xC0,0xFC,0x1F,0xC0,0xFC,0x1F,0x80,0xFC,0x1F,0x80,0x7C,0x1F,0x80,0x7C,0x1F,0x80,0x7C,0x1F,0x80,0x7C,0x1F,0x80,0xFC,0x0F,0xC0,0xFC,0x0F,0xC0,0xFC,0x0F,0xC1,0xFC,0x0F,0xF3,0xF8,0x07,0xFF,0xF8,0x07,0xFF,0xF0,0x03,0xFF,0xF0,0x01,0xFF,0xE0,0x00,0xFF,0xC0,0x00,0x3F,0x00,0x00,0x00,0x00,0x00,0x00,0x00,0x00,0x00,0x00,0x00,0x00,0x00,0x00,0x00,0x00,  // 6
	0x00,0x00,0x00,0x00,0x00,0x00,0x00,0x00,0x00,0x00,0x00,0x00,0x1F,0xFF,0xF8,0x1F,0xFF,0xF8,0x1F,0xFF,0xF8,0x1F,0xFF,0xF8,0x1F,0xFF,0xF8,0x1F,0xFF,0xF8,0x1F,0xFF,0xF8,0x00,0x01,0xF8,0x00,0x03,0xF0,0x00,0x03,0xF0,0x00,0x03,0xF0,0x00,0x07,0xF0,0x00,0x07,0xE0,0x00,0x07,0xE0,0x00,0x07,0xE0,0x00,0x0F,0xC0,0x00,0x0F,0xC0,0x00,0x0F,0xC0,0x00,0x1F,0x80,0x00,0x1F,0x80,0x00,0x1F,0x80,0x00,0x3F,0x80,0x00,0x3F,0x00,0x00,0x3F,0x00,0x00,0x7F,0x00,0x00,0x7E,0x00,0x00,0x7E,0x00,0x00,0x7E,0x00,0x00,0xFC,0x00,0x00,0xFC,0x00,0x00,0xFC,0x00,0x01,0xF8,0x00,0x01,0xF8,0x00,0x01,0xF8,0x00,0x03,0xF8,0x00,0x03,0xF0,0x00,0x03,0xF0,0x00,0x03,0xF0,0x00,0x00,0x00,0x00,0x00,0x00,0x00,0x00,0x00,0x00,0x00,0x00,0x00,0x00,0x00,0x00,0x00,0x00,0x00,  // 7
	0x00,0x00,0x00,0x00,0x00,0x00,0x00,0x00,0x00,0x00,0x3C,0x00,0x00,0xFF,0x80,0x03,0xFF,0xC0,0x07,0xFF,0xE0,0x07,0xFF,0xF0,0x0F,0xFF,0xF0,0x0F,0xFF,0xF0,0x0F,0xC3,0xF8,0x1F,0x81,0xF8,0x1F,0x80,0xF8,0x1F,0x80,0xF8,0x1F,0x80,0xF8,0x1F,0x80,0xF8,0x0F,0x81,0xF8,0x0F,0x81,0xF0,0x0F,0xC3,0xF0,0x07,0xFF,0xF0,0x03,0xFF,0xE0,0x01,0xFF,0x80,0x01,0xFF,0xC0,0x07,0xFF,0xE0,0x07,0xFF,0xF0,0x0F,0xE7,0xF0,0x1F,0x81,0xF8,0x1F,0x80,0xF8,0x1F,0x00,0xFC,0x1F,0x00,0xFC,0x1F,0x00,0xFC,0x1F,0x00,0xFC,0x1F,0x00,0xFC,0x1F,0x00,0xFC,0x1F,0x80,0xFC,0x1F,0x81,0xF8,0x1F,0xE7,0xF8,0x0F,0xFF,0xF8,0x0F,0xFF,0xF0,0x07,0xFF,0xF0,0x03,0xFF,0xE0,0x01,0xFF,0xC0,0x00,0x7E,0x00,0x00,0x00,0x00,0x00,0x00,0x00,0x00,0x00,0x00,0x00,0x00,0x00,0x00,0x00,0x00,  // 8
	0x00,0x00,0x00,0x00,0x00,0x00,0x00,0x00,0x00,0x00,0x00,0x00,0x00,0xFF,0x00,0x03,0xFF,0x80,0x07,0xFF,0xC0,0x07,0xFF,0xE0,0x0F,0xFF,0xF0,0x0F,0xFF,0xF0,0x1F,0xC3,0xF0,0x1F,0x81,0xF8,0x1F,0x01,0xF8,0x1F,0x01,0xF8,0x1F,0x01,0xF8,0x3F,0x00,0xFC,0x3F,0x01,0xFC,0x3F,0x00,0xFC,0x3F,0x01,0xFC,0x1F,0x01,0xFC,0x1F,0x81,0xFC,0x1F,0x81,0xFC,0x1F,0xC3,0xFC,0x1F,0xFF,0xFC,0x0F,0xFF,0xFC,0x0F,0xFF,0xFC,0x07,0xFF,0xFC,0x03,0xFE,0xFC,0x01,0xFC,0xFC,0x00,0x70,0xFC,0x00,0x00,0xFC,0x00,0x00,0xF8,0x00,0x01,0xF8,0x00,0x01,0xF8,0x00,0x03,0xF8,0x0C,0x03,0xF0,0x0F,0x0F,0xF0,0x0F,0xFF,0xE0,0x0F,0xFF,0xE0,0x0F,0xFF,0xC0,0x0F,0xFF,0x80,0x0F,0xFF,0x00,0x03,0xFC,0x00,0x00,0x00,0x00,0x00,0x00,0x00,0x00,0x00,0x00,0x00,0x00,0x00,0x00,0x00,0x00,  // 9
	0x00,0x00,0x00,0x00,0x00,0x00,0x00,0x00,0x00,0x00,0x00,0x00,0x00,0x00,0x00,0x00,0x00,0x00,0x00,0x00,0x00,0x00,0x00,0x00,0x00,0x00,0x00,0x00,0x00,0x00,0x00,0x00,0x00,0x00,0x00,0x00,0x00,0x3E,0x00,0x00,0x7F,0x00,0x00,0x7F,0x00,0x00,0x7F,0x00,0x00,0x7F,0x00,0x00,0x7F,0x00,0x00,0x7F,0x00,0x00,0x7F,0x00,0x00,0x7F,0x00,0x00,0x7F,0x00,0x00,0x00,0x00,0x00,0x00,0x00,0x00,0x00,0x00,0x00,0x00,0x00,0x00,0x00,0x00,0x00,0x00,0x00,0x00,0x00,0x00,0x00,0x00,0x00,0x00,0x7F,0x00,0x00,0x7F,0x00,0x00,0x7F,0x00,0x00,0x7F,0x00,0x00,0x7F,0x00,0x00,0x7F,0x00,0x00,0x7F,0x00,0x00,0x7F,0x00,0x00,0x7F,0x00,0x00,0x3E,0x00,0x00,0x00,0x00,0x00,0x00,0x00,0x00,0x00,0x00,0x00,0x00,0x00,0x00,0x00,0x00,0x00,0x00,0x00,0x00,0x00,0x00,0x00,0x00,0x00,  // :
	0x00,0x00,0x00,0x00,0x00,0x00,0x00,0x00,0x00,0x00,0x00,0x00,0x00,0x00,0x00,0x00,0x00,0x00,0x00,0x00,0x00,0x00,0x00,0x00,0x00,0x00,0x00,0x00,0x00,0x00,0x00,0x00,0x00,0x00,0x00,0x00,0x00,0x3E,0x00,0x00,0x7F,0x00,0x00,0x7F,0x00,0x00,0x7F,0x00,0x00,0x7F,0x00,0x00,0x7F,0x00,0x00,0x7F,0x00,0x00,0x7F,0x00,0x00,0x7F,0x00,0x00,0x7F,0x00,0x00,0x00,0x00,0x00,0x00,0x00,0x00,0x00,0x00,0x00,0x00,0x00,0x00,0x00,0x00,0x00,0x00,0x00,0x00,0x00,0x00,0x00,0x00,0x00,0x00,0x7F,0x00,0x00,0x7F,0x00,0x00,0x7F,0x00,0x00,0x7F,0x00,0x00,0x7F,0x00,0x00,0x7F,0x00,0x00,0x7F,0x00,0x00,0x7F,0x00,0x00,0x7E,0x00,0x00,0x7E,0x00,0x00,0x7C,0x00,0x00,0xFC,0x00,0x00,0xFC,0x00,0x00,0xF8,0x00,0x00,0xF8,0x00,0x00,0xF0,0x00,0x00,0xF0,0x00,0x00,0x00,0x00,  // ;
	0x00,0x00,0x00,0x00,0x00,0x00,0x00,0x00,0x00,0x00,0x00,0x00,0x00,0x00,0x00,0x00,0x00,0x00,0x00,0x00,0x00,0x00,0x00,0x00,0x00,0x00,0x00,0x00,0x00,0x00,0x00,0x00,0x06,0x00,0x00,0x1E,0x00,0x00,0x7E,0x00,0x01,0xFE,0x00,0x07,0xFE,0x00,0x1F,0xFE,0x00,0x7F,0xFC,0x01,0xFF,0xF0,0x07,0xFF,0xC0,0x1F,0xFE,0x00,0x3F,0xF8,0x00,0x3F,0xE0,0x00,0x3F,0x80,0x00,0x3F,0x00,0x00,0x3F,0xC0,0x00,0x3F,0xF8,0x00,0x1F,0xFE,0x00,0x07,0xFF,0x80,0x01,0xFF,0xE0,0x00,0xFF,0xF8,0x00,0x3F,0xFE,0x00,0x0F,0xFE,0x00,0x03,0xFE,0x00,0x00,0xFE,0x00,0x00,0x3E,0x00,0x00,0x0E,0x00,0x00,0x02,0x00,0x00,0x00,0x00,0x00,0x00,0x00,0x00,0x00,0x00,0x00,0x00,0x00,0x00,0x00,0x00,0x00,0x00,0x00,0x00,0x00,0x00,0x00,0x00,0x00,0x00,0x00,0x00,0x00,0x00,0x00,0x00,0x00,  // <
	0x00,0x00,0x00,0x00,0x00,0x00,0x00,0x00,0x00,0x00,0x00,0x00,0x00,0x00,0x00,0x00,0x00,0x00,0x00,0x00,0x00,0x00,0x00,0x00,0x00,0x00,0x00,0x00,0x00,0x00,0x00,0x00,0x00,0x00,0x00,0x00,0x00,0x00,0x00,0x00,0x00,0x00,0x3F,0xFF,0xFE,0x3F,0xFF,0xFE,0x3F,0xFF,0xFE,0x3F,0xFF,0xFE,0x3F,0xFF,0xFE,0x3F,0xFF,0xFE,0x00,0x00,0x00,0x00,0x00,0x00,0x00,0x00,0x00,0x00,0x00,0x00,0x00,0x00,0x00,0x00,0x00,0x00,0x3F,0xFF,0xFE,0x3F,0xFF,0xFE,0x3F,0xFF,0xFE,0x3F,0xFF,0xFE,0x3F,0xFF,0xFE,0x3F,0xFF,0xFE,0x00,0x00,0x00,0x00,0x00,0x00,0x00,0x00,0x00,0x00,0x00,0x00,0x00,0x00,0x00,0x00,0x00,0x00,0x00,0x00,0x00,0x00,0x00,0x00,0x00,0x00,0x00,0x00,0x00,0x00,0x00,0x00,0x00,0x00,0x00,0x00,0x00,0x00,0x00,0x00,0x00,0x00,0x00,0x00,0x00,0x00,0x00,0x00,  // =
	0x00,0x00,0x00,0x00,0x00,0x00,0x00,0x00,0x00,0x00,0x00,0x00,0x00,0x00,0x00,0x00,0x00,0x00,0x00,0x00,0x00,0x00,0x00,0x00,0x00,0x00,0x00,0x00,0x00,0x00,0x30,0x00,0x00,0x3C,0x00,0x00,0x3F,0x00,0x00,0x3F,0xC0,0x00,0x3F,0xF0,0x00,0x3F,0xFC,0x00,0x1F,0xFF,0x00,0x07,0xFF,0xC0,0x01,0xFF,0xF0,0x00,0x7F,0xFC,0x00,0x0F,0xFE,0x00,0x03,0xFE,0x00,0x00,0xFE,0x00,0x00,0x7E,0x00,0x03,0xFE,0x00,0x0F,0xFE,0x00,0x3F,0xFC,0x00,0xFF,0xF0,0x03,0xFF,0xC0,0x0F,0xFF,0x00,0x3F,0xFC,0x00,0x3F,0xF0,0x00,0x3F,0xC0,0x00,0x3F,0x00,0x00,0x3E,0x00,0x00,0x38,0x00,0x00,0x20,0x00,0x00,0x00,0x00,0x00,0x00,0x00,0x00,0x00,0x00,0x00,0x00,0x00,0x00,0x00,0x00,0x00,0x00,0x00,0x00,0x00,0x00,0x00,0x00,0x00,0x00,0x00,0x00,0x00,0x00,0x00,0x00,0x00,0x00,0x00,  // >
	0x00,0x00,0x00,0x00,0x00,0x00,0x00,0x00,0x00,0x00,0x1E,0x00,0x00,0xFF,0xC0,0x03,0xFF,0xE0,0x07,0xFF,0xF0,0x07,0xFF,0xF0,0x07,0xFF,0xF8,0x07,0xFF,0xF8,0x07,0x81,0xF8,0x06,0x01,0xF8,0x04,0x00,0xF8,0x00,0x00,0xF8,0x00,0x01,0xF8,0x00,0x01,0xF8,0x00,0x03,0xF0,0x00,0x03,0xF0,0x00,0x07,0xE0,0x00,0x0F,0xC0,0x00,0x1F,0xC0,0x00,0x1F,0x80,0x00,0x3F,0x00,0x00,0x3F,0x00,0x00,0x7E,0x00,0x00,0x7E,0x00,0x00,0x7C,0x00,0x00,0x7C,0x00,0x00,0x7C,0x00,0x00,0x7C,0x00,0x00,0x7C,0x00,0x00,0x7C,0x00,0x00,0x00,0x00,0x00,0x00,0x00,0x00,0x00,0x00,0x00,0x7C,0x00,0x00,0x7C,0x00,0x00,0x7C,0x00,0x00,0x7C,0x00,0x00,0x7C,0x00,0x00,0x7C,0x00,0x00,0x7C,0x00,0x00,0x00,0x00,0x00,0x00,0x00,0x00,0x00,0x00,0x00,0x00,0x00,0x00,0x00,0x00,0x00,0x00,0x00,  // ?

	0x00,0x00,0x00,0x00,0x00,0x00,0x00,0x00,0x00,0x00,0x00,0x00,0x00,0x3F,0x00,0x00,0xFF,0xC0,0x03,0xFF,0xE0,0x07,0xFF,0xF0,0x07,0xFF,0xF8,0x0F,0xE1,0xF8,0x1F,0x80,0x7C,0x1F,0x00,0x7C,0x3E,0x00,0x3C,0x3E,0x00,0x3C,0x7C,0x00,0x3C,0x7C,0x0F,0x9E,0x78,0x3F,0xFE,0x78,0x7F,0xFE,0xF8,0x7F,0xFE,0xF0,0xFF,0xFE,0xF0,0xF8,0x7E,0xF0,0xF0,0x3E,0xF1,0xF0,0x3E,0xF1,0xF0,0x1E,0xF1,0xF0,0x1E,0xF1,0xF0,0x1E,0xF1,0xF0,0x1E,0xF1,0xF0,0x1E,0xF1,0xF0,0x3E,0xF0,0xF0,0x3E,0xF0,0xF8,0x3E,0xF0,0xFC,0xFE,0xF8,0x7F,0xFE,0xF8,0x7F,0xFE,0x78,0x3F,0xFE,0x78,0x1F,0xDC,0x7C,0x07,0x00,0x3C,0x00,0x00,0x3E,0x00,0x00,0x1F,0x00,0x00,0x1F,0x80,0x00,0x0F,0xC0,0x18,0x0F,0xF8,0xF8,0x07,0xFF,0xFC,0x03,0xFF,0xFC,0x01,0xFF,0xFC,0x00,0x7F,0xF0,0x00,0x0F,0xC0,  // @
	0x00,0x00,0x00,0x00,0x00,0x00,0x00,0x00,0x00,0x00,0x00,0x00,0x00,0xFE,0x00,0x00,0xFF,0x00,0x01,0xFF,0x00,0x01,0xFF,0x00,0x01,0xFF,0x00,0x01,0xFF,0x00,0x01,0xFF,0x80,0x03,0xFF,0x80,0x03,0xFF,0x80,0x03,0xEF,0x80,0x03,0xEF,0x80,0x03,0xEF,0xC0,0x07,0xEF,0xC0,0x07,0xE7,0xC0,0x07,0xC7,0xC0,0x07,0xC7,0xC0,0x07,0xC7,0xE0,0x0F,0xC7,0xE0,0x0F,0xC7,0xE0,0x0F,0xC3,0xE0,0x0F,0x83,0xE0,0x0F,0x83,0xF0,0x1F,0xFF,0xF0,0x1F,0xFF,0xF0,0x1F,0xFF,0xF0,0x1F,0xFF,0xF0,0x1F,0xFF,0xF8,0x3F,0xFF,0xF8,0x3F,0xFF,0xF8,0x3F,0x01,0xF8,0x3F,0x00,0xFC,0x7E,0x00,0xFC,0x7E,0x00,0xFC,0x7E,0x00,0xFC,0x7E,0x00,0xFC,0x7E,0x00,0x7E,0xFC,0x00,0x7E,0xFC,0x00,0x7E,0x00,0x00,0x00,0x00,0x00,0x00,0x00,0x00,0x00,0x00,0x00,0x00,0x00,0x00,0x00,0x00,0x00,0x00,  // A
	0x00,0x00,0x00,0x00,0x00,0x00,0x00,0x00,0x00,0x00,0x00,0x00,0x3F,0xFE,0x00,0x3F,0xFF,0xC0,0x3F,0xFF,0xE0,0x3F,0xFF,0xF0,0x3F,0xFF,0xF0,0x3F,0xFF,0xF8,0x3F,0x07,0xF8,0x3F,0x01,0xF8,0x3F,0x01,0xFC,0x3F,0x00,0xFC,0x3F,0x00,0xFC,0x3F,0x00,0xFC,0x3F,0x00,0xF8,0x3F,0x01,0xF8,0x3F,0x03,0xF8,0x3F,0xFF,0xF0,0x3F,0xFF,0xE0,0x3F,0xFF,0xC0,0x3F,0xFF,0xC0,0x3F,0xFF,0xF0,0x3F,0xFF,0xF8,0x3F,0x03,0xF8,0x3F,0x00,0xFC,0x3F,0x00,0xFC,0x3F,0x00,0xFC,0x3F,0x00,0x7E,0x3F,0x00,0x7E,0x3F,0x00,0x7E,0x3F,0x00,0xFE,0x3F,0x00,0xFE,0x3F,0x00,0xFE,0x3F,0x03,0xFC,0x3F,0xFF,0xFC,0x3F,0xFF,0xFC,0x3F,0xFF,0xF8,0x3F,0xFF,0xF0,0x3F,0xFF,0xE0,0x3F,0xFF,0x80,0x00,0x00,0x00,0x00,0x00,0x00,0x00,0x00,0x00,0x00,0x00,0x00,0x00,0x00,0x00,0x00,0x00,0x00,  // B
	0x00,0x00,0x00,0x00,0x00,0x00,0x00,0x00,0x00,0x00,0x07,0x80,0x00,0x3F,0xF0,0x00,0xFF,0xF8,0x01,0xFF,0xF8,0x03,0xFF,0xF8,0x03,0xFF,0xF8,0x07,0xFF,0xF8,0x07,0xFC,0xF8,0x0F,0xF0,0x38,0x0F,0xE0,0x08,0x0F,0xC0,0x00,0x1F,0xC0,0x00,0x1F,0xC0,0x00,0x1F,0x80,0x00,0x1F,0x80,0x00,0x1F,0x80,0x00,0x1F,0x80,0x00,0x1F,0x80,0x00,0x1F,0x80,0x00,0x1F,0x80,0x00,0x1F,0x80,0x00,0x1F,0x80,0x00,0x1F,0x80,0x00,0x1F,0x80,0x00,0x1F,0x80,0x00,0x1F,0x80,0x00,0x1F,0x80,0x00,0x1F,0xC0,0x00,0x1F,0xC0,0x00,0x0F,0xC0,0x00,0x0F,0xE0,0x08,0x0F,0xF0,0x18,0x07,0xF8,0x78,0x07,0xFF,0xF8,0x03,0xFF,0xF8,0x03,0xFF,0xF8,0x01,0xFF,0xF8,0x00,0xFF,0xF8,0x00,0x7F,0xF0,0x00,0x0F,0xC0,0x00,0x00,0x00,0x00,0x00,0x00,0x00,0x00,0x00,0x00,0x00,0x00,0x00,0x00,0x00,  // C
	0x00,0x00,0x00,0x00,0x00,0x00,0x00,0x00,0x00,0x00,0x00,0x00,0x1F,0xF8,0x00,0x3F,0xFF,0x00,0x3F,0xFF,0xC0,0x3F,0xFF,0xE0,0x3F,0xFF,0xF0,0x3F,0xFF,0xF0,0x3F,0xFF,0xF8,0x3F,0x07,0xF8,0x3F,0x03,0xFC,0x3F,0x01,0xFC,0x3F,0x00,0xFC,0x3F,0x00,0xFC,0x3F,0x00,0xFE,0x3F,0x00,0xFE,0x3F,0x00,0x7E,0x3F,0x00,0x7E,0x3F,0x00,0x7E,0x3F,0x00,0x7E,0x3F,0x00,0x7E,0x3F,0x00,0x7E,0x3F,0x00,0x7E,0x3F,0x00,0x7E,0x3F,0x00,0x7E,0x3F,0x00,0x7E,0x3F,0x00,0xFE,0x3F,0x00,0xFE,0x3F,0x00,0xFE,0x3F,0x00,0xFC,0x3F,0x01,0xFC,0x3F,0x01,0xFC,0x3F,0x07,0xF8,0x3F,0xFF,0xF8,0x3F,0xFF,0xF0,0x3F,0xFF,0xF0,0x3F,0xFF,0xE0,0x3F,0xFF,0xC0,0x3F,0xFF,0x00,0x3F,0xFC,0x00,0x00,0x00,0x00,0x00,0x00,0x00,0x00,0x00,0x00,0x00,0x00,0x00,0x00,0x00,0x00,0x00,0x00,0x00,  // D
	0x00,0x00,0x00,0x00,0x00,0x00,0x00,0x00,0x00,0x00,0x00,0x00,0x1F,0xFF,0xF8,0x1F,0xFF,0xF8,0x1F,0xFF,0xF8,0x1F,0xFF,0xF8,0x1F,0xFF,0xF8,0x1F,0xFF,0xF8,0x1F,0xFF,0xF8,0x1F,0x80,0x00,0x1F,0x80,0x00,0x1F,0x80,0x00,0x1F,0x80,0x00,0x1F,0x80,0x00,0x1F,0x80,0x00,0x1F,0x80,0x00,0x1F,0x80,0x00,0x1F,0xFF,0xF0,0x1F,0xFF,0xF0,0x1F,0xFF,0xF0,0x1F,0xFF,0xF0,0x1F,0xFF,0xF0,0x1F,0xFF,0xF0,0x1F,0xFF,0xF0,0x1F,0x80,0x00,0x1F,0x80,0x00,0x1F,0x80,0x00,0x1F,0x80,0x00,0x1F,0x80,0x00,0x1F,0x80,0x00,0x1F,0x80,0x00,0x1F,0x80,0x00,0x1F,0x80,0x00,0x1F,0xFF,0xF8,0x1F,0xFF,0xF8,0x1F,0xFF,0xF8,0x1F,0xFF,0xF8,0x1F,0xFF,0xF8,0x1F,0xFF,0xF8,0x1F,0xFF,0xF8,0x00,0x00,0x00,0x00,0x00,0x00,0x00,0x00,0x00,0x00,0x00,0x00,0x00,0x00,0x00,0x00,0x00,0x00,  // E
	0x00,0x00,0x00,0x00,0x00,0x00,0x00,0x00,0x00,0x00,0x00,0x00,0x0F,0xFF,0xFC,0x1F,0xFF,0xFC,0x1F,0xFF,0xFC,0x1F,0xFF,0xFC,0x1F,0xFF,0xFC,0x1F,0xFF,0xFC,0x1F,0xFF,0xFC,0x1F,0x80,0x00,0x1F,0x80,0x00,0x1F,0x80,0x00,0x1F,0x80,0x00,0x1F,0x80,0x00,0x1F,0x80,0x00,0x1F,0x80,0x00,0x1F,0x80,0x00,0x1F,0xFF,0xF8,0x1F,0xFF,0xF8,0x1F,0xFF,0xF8,0x1F,0xFF,0xF8,0x1F,0xFF,0xF8,0x1F,0xFF,0xF8,0x1F,0xFF,0xF0,0x1F,0x80,0x00,0x1F,0x80,0x00,0x1F,0x80,0x00,0x1F,0x80,0x00,0x1F,0x80,0x00,0x1F,0x80,0x00,0x1F,0x80,0x00,0x1F,0x80,0x00,0x1F,0x80,0x00,0x1F,0x80,0x00,0x1F,0x80,0x00,0x1F,0x80,0x00,0x1F,0x80,0x00,0x1F,0x80,0x00,0x1F,0x80,0x00,0x1F,0x80,0x00,0x00,0x00,0x00,0x00,0x00,0x00,0x00,0x00,0x00,0x00,0x00,0x00,0x00,0x00,0x00,0x00,0x00,0x00,  // F
	0x00,0x00,0x00,0x00,0x00,0x00,0x00,0x00,0x00,0x00,0x0F,0x80,0x00,0x7F,0xF0,0x00,0xFF,0xF8,0x01,0xFF,0xFC,0x03,0xFF,0xFC,0x07,0xFF,0xFC,0x07,0xFF,0xFC,0x0F,0xF8,0x7C,0x0F,0xE0,0x1C,0x1F,0xE0,0x0C,0x1F,0xC0,0x04,0x1F,0x80,0x00,0x1F,0x80,0x00,0x3F,0x80,0x00,0x3F,0x80,0x00,0x3F,0x00,0x00,0x3F,0x00,0x00,0x3F,0x00,0x00,0x3F,0x03,0xFC,0x3F,0x07,0xFE,0x3F,0x07,0xFE,0x3F,0x07,0xFE,0x3F,0x07,0xFE,0x3F,0x07,0xFE,0x3F,0x07,0xFE,0x3F,0x80,0x7E,0x3F,0x80,0x7E,0x1F,0x80,0x7E,0x1F,0x80,0x7E,0x1F,0xC0,0x7E,0x1F,0xC0,0x7E,0x0F,0xE0,0x7E,0x0F,0xF8,0x7E,0x07,0xFF,0xFE,0x07,0xFF,0xFE,0x03,0xFF,0xFE,0x01,0xFF,0xFC,0x00,0xFF,0xF8,0x00,0x7F,0xF0,0x00,0x1F,0x80,0x00,0x00,0x00,0x00,0x00,0x00,0x00,0x00,0x00,0x00,0x00,0x00,0x00,0x00,0x00,  // G
	0x00,0x00,0x00,0x00,0x00,0x00,0x00,0x00,0x00,0x00,0x00,0x00,0x1F,0x00,0xF8,0x3F,0x01,0xF8,0x3F,0x01,0xF8,0x3F,0x01,0xF8,0x3F,0x01,0xF8,0x3F,0x01,0xF8,0x3F,0x01,0xF8,0x3F,0x01,0xF8,0x3F,0x01,0xF8,0x3F,0x01,0xF8,0x3F,0x01,0xF8,0x3F,0x01,0xF8,0x3F,0x01,0xF8,0x3F,0x01,0xF8,0x3F,0xFF,0xF8,0x3F,0xFF,0xF8,0x3F,0xFF,0xF8,0x3F,0xFF,0xF8,0x3F,0xFF,0xF8,0x3F,0xFF,0xF8,0x3F,0xFF,0xF8,0x3F,0x81,0xF8,0x3F,0x01,0xF8,0x3F,0x01,0xF8,0x3F,0x01,0xF8,0x3F,0x01,0xF8,0x3F,0x01,0xF8,0x3F,0x01,0xF8,0x3F,0x01,0xF8,0x3F,0x01,0xF8,0x3F,0x01,0xF8,0x3F,0x01,0xF8,0x3F,0x01,0xF8,0x3F,0x01,0xF8,0x3F,0x01,0xF8,0x3F,0x01,0xF8,0x3F,0x01,0xF8,0x3F,0x01,0xF8,0x00,0x00,0x00,0x00,0x00,0x00,0x00,0x00,0x00,0x00,0x00,0x00,0x00,0x00,0x00,0x00,0x00,0x00,  // H
	0x00,0x00,0x00,0x00,0x00,0x00,0x00,0x00,0x00,0x00,0x00,0x00,0x1F,0xFF,0xF8,0x1F,0xFF,0xF8,0x1F,0xFF,0xF8,0x1F,0xFF,0xF8,0x1F,0xFF,0xF8,0x1F,0xFF,0xF8,0x1F,0xFF,0xF8,0x00,0x7E,0x00,0x00,0x7E,0x00,0x00,0x7E,0x00,0x00,0x7E,0x00,0x00,0x7E,0x00,0x00,0x7E,0x00,0x00,0x7E,0x00,0x00,0x7E,0x00,0x00,0x7E,0x00,0x00,0x7E,0x00,0x00,0x7E,0x00,0x00,0x7E,0x00,0x00,0x7E,0x00,0x00,0x7E,0x00,0x00,0x7E,0x00,0x00,0x7E,0x00,0x00,0x7E,0x00,0x00,0x7E,0x00,0x00,0x7E,0x00,0x00,0x7E,0x00,0x00,0x7E,0x00,0x00,0x7E,0x00,0x00,0x7E,0x00,0x00,0x7E,0x00,0x0F,0xFF,0xF0,0x1F,0xFF,0xF8,0x1F,0xFF,0xF8,0x1F,0xFF,0xF8,0x1F,0xFF,0xF8,0x1F,0xFF,0xF8,0x1F,0xFF,0xF8,0x00,0x00,0x00,0x00,0x00,0x00,0x00,0x00,0x00,0x00,0x00,0x00,0x00,0x00,0x00,0x00,0x00,0x00,  // I
	0x00,0x00,0x00,0x00,0x00,0x00,0x00,0x00,0x00,0x00,0x00,0x00,0x01,0xFF,0xE0,0x03,0xFF,0xF0,0x03,0xFF,0xF0,0x03,0xFF,0xF0,0x03,0xFF,0xF0,0x03,0xFF,0xF0,0x01,0xFF,0xF0,0x00,0x03,0xF0,0x00,0x03,0xF0,0x00,0x03,0xF0,0x00,0x03,0xF0,0x00,0x03,0xF0,0x00,0x03,0xF0,0x00,0x03,0xF0,0x00,0x03,0xF0,0x00,0x03,0xF0,0x00,0x03,0xF0,0x00,0x03,0xF0,0x00,0x03,0xF0,0x00,0x03,0xF0,0x00,0x03,0xF0,0x00,0x03,0xF0,0x00,0x03,0xF0,0x00,0x03,0xF0,0x00,0x03,0xF0,0x00,0x03,0xF0,0x00,0x03,0xF0,0x00,0x03,0xF0,0x20,0x07,0xF0,0x30,0x07,0xF0,0x38,0x07,0xE0,0x3E,0x1F,0xE0,0x3F,0xFF,0xE0,0x3F,0xFF,0xE0,0x3F,0xFF,0xC0,0x3F,0xFF,0xC0,0x3F,0xFF,0x80,0x0F,0xFF,0x00,0x01,0xFC,0x00,0x00,0x00,0x00,0x00,0x00,0x00,0x00,0x00,0x00,0x00,0x00,0x00,0x00,0x00,0x00,  // J
	0x00,0x00,0x00,0x00,0x00,0x00,0x00,0x00,0x00,0x00,0x00,0x00,0x3F,0x00,0x7E,0x3F,0x00,0xFE,0x3F,0x01,0xFC,0x3F,0x01,0xFC,0x3F,0x03,0xF8,0x3F,0x03,0xF0,0x3F,0x07,0xF0,0x3F,0x0F,0xE0,0x3F,0x0F,0xC0,0x3F,0x1F,0xC0,0x3F,0x1F,0x80,0x3F,0x3F,0x80,0x3F,0x7F,0x00,0x3F,0x7E,0x00,0x3F,0xFE,0x00,0x3F,0xFC,0x00,0x3F,0xFE,0x00,0x3F,0xFE,0x00,0x3F,0xFF,0x00,0x3F,0xFF,0x00,0x3F,0xFF,0x80,0x3F,0xFF,0x80,0x3F,0xDF,0x80,0x3F,0x9F,0xC0,0x3F,0x0F,0xC0,0x3F,0x0F,0xE0,0x3F,0x07,0xE0,0x3F,0x07,0xF0,0x3F,0x07,0xF0,0x3F,0x03,0xF0,0x3F,0x03,0xF8,0x3F,0x01,0xF8,0x3F,0x01,0xFC,0x3F,0x01,0xFC,0x3F,0x00,0xFC,0x3F,0x00,0xFE,0x3F,0x00,0x7E,0x3F,0x00,0x7F,0x00,0x00,0x00,0x00,0x00,0x00,0x00,0x00,0x00,0x00,0x00,0x00,0x00,0x00,0x00,0x00,0x00,0x00,  // K
	0x00,0x00,0x00,0x00,0x00,0x00,0x00,0x00,0x00,0x00,0x00,0x00,0x0F,0xC0,0x00,0x0F,0xC0,0x00,0x0F,0xC0,0x00,0x0F,0xC0,0x00,0x0F,0xC0,0x00,0x0F,0xC0,0x00,0x0F,0xC0,0x00,0x0F,0xC0,0x00,0x0F,0xC0,0x00,0x0F,0xC0,0x00,0x0F,0xC0,0x00,0x0F,0xC0,0x00,0x0F,0xC0,0x00,0x0F,0xC0,0x00,0x0F,0xC0,0x00,0x0F,0xC0,0x00,0x0F,0xC0,0x00,0x0F,0xC0,0x00,0x0F,0xC0,0x00,0x0F,0xC0,0x00,0x0F,0xC0,0x00,0x0F,0xC0,0x00,0x0F,0xC0,0x00,0x0F,0xC0,0x00,0x0F,0xC0,0x00,0x0F,0xC0,0x00,0x0F,0xC0,0x00,0x0F,0xC0,0x00,0x0F,0xC0,0x00,0x0F,0xC0,0x00,0x0F,0xC0,0x00,0x0F,0xFF,0xFC,0x0F,0xFF,0xFC,0x0F,0xFF,0xFC,0x0F,0xFF,0xFC,0x0F,0xFF,0xFC,0x0F,0xFF,0xFC,0x0F,0xFF,0xFC,0x00,0x00,0x00,0x00,0x00,0x00,0x00,0x00,0x00,0x00,0x00,0x00,0x00,0x00,0x00,0x00,0x00,0x00,  // L
	0x00,0x00,0x00,0x00,0x00,0x00,0x00,0x00,0x00,0x00,0x00,0x00,0x3F,0x01,0xFC,0x7F,0x81,0xFC,0x7F,0x81,0xFC,0x7F,0x83,0xFC,0x7F,0x83,0xFC,0x7F,0xC3,0xFC,0x7F,0xC3,0xFC,0x7F,0xC3,0xFC,0x7F,0xC7,0xFC,0x7F,0xC7,0xFC,0x7F,0xE7,0xFC,0x7F,0xE7,0x7C,0x7D,0xE7,0x7C,0x7C,0xEF,0x7C,0x7C,0xEF,0x7C,0x7E,0xFF,0x7C,0x7E,0xFF,0x7C,0x7E,0xFE,0x7C,0x7E,0xFE,0x7C,0x7E,0x7E,0x7C,0x7E,0x7E,0x7C,0x7E,0x7E,0x7C,0x7E,0x7C,0x7C,0x7E,0x7C,0x7C,0x7E,0x3C,0x7C,0x7E,0x00,0x7C,0x7E,0x00,0x7C,0x7E,0x00,0x7C,0x7E,0x00,0x7C,0x7E,0x00,0x7C,0x7E,0x00,0x7C,0x7E,0x00,0x7C,0x7E,0x00,0x7C,0x7E,0x00,0x7C,0x7E,0x00,0x7C,0x7E,0x00,0x7C,0x7E,0x00,0x7C,0x7E,0x00,0x7C,0x00,0x00,0x00,0x00,0x00,0x00,0x00,0x00,0x00,0x00,0x00,0x00,0x00,0x00,0x00,0x00,0x00,0x00,  // M
	0x00,0x00,0x00,0x00,0x00,0x00,0x00,0x00,0x00,0x00,0x00,0x00,0x3F,0x00,0xF8,0x3F,0x80,0xFC,0x3F,0x80,0xFC,0x3F,0x80,0xFC,0x3F,0xC0,0xFC,0x3F,0xC0,0xFC,0x3F,0xC0,0xFC,0x3F,0xE0,0xFC,0x3F,0xE0,0xFC,0x3F,0xE0,0xFC,0x3F,0xE0,0xFC,0x3F,0xF0,0xFC,0x3F,0xF0,0xFC,0x3E,0xF0,0xFC,0x3E,0xF8,0xFC,0x3E,0x78,0xFC,0x3E,0x78,0xFC,0x3E,0x7C,0xFC,0x3E,0x7C,0xFC,0x3E,0x3C,0xFC,0x3E,0x3C,0xFC,0x3E,0x3E,0xFC,0x3E,0x1E,0xFC,0x3E,0x1E,0xFC,0x3E,0x1E,0xFC,0x3E,0x0F,0xFC,0x3E,0x0F,0xFC,0x3E,0x0F,0xFC,0x3E,0x0F,0xFC,0x3E,0x07,0xFC,0x3E,0x07,0xFC,0x3E,0x07,0xFC,0x3E,0x07,0xFC,0x3E,0x03,0xFC,0x3E,0x03,0xFC,0x3E,0x03,0xFC,0x3E,0x01,0xFC,0x3E,0x01,0xFC,0x00,0x00,0x00,0x00,0x00,0x00,0x00,0x00,0x00,0x00,0x00,0x00,0x00,0x00,0x00,0x00,0x00,0x00,  // N
	0x00,0x00,0x00,0x00,0x00,0x00,0x00,0x00,0x00,0x00,0x3C,0x00,0x00,0xFF,0x00,0x03,0xFF,0xC0,0x07,0xFF,0xC0,0x07,0xFF,0xE0,0x0F,0xFF,0xF0,0x0F,0xFF,0xF0,0x1F,0xE7,0xF8,0x1F,0xC3,0xF8,0x1F,0x81,0xF8,0x1F,0x81,0xFC,0x3F,0x01,0xFC,0x3F,0x00,0xFC,0x3F,0x00,0xFC,0x3F,0x00,0xFC,0x3F,0x00,0xFC,0x3F,0x00,0xFC,0x3F,0x00,0xFC,0x3F,0x00,0xFC,0x3F,0x00,0xFC,0x3F,0x00,0xFC,0x3F,0x00,0xFC,0x3F,0x00,0xFC,0x3F,0x00,0xFC,0x3F,0x00,0xFC,0x3F,0x00,0xFC,0x3F,0x00,0xFC,0x3F,0x00,0xFC,0x3F,0x00,0xFC,0x3F,0x81,0xFC,0x1F,0x81,0xF8,0x1F,0xC3,0xF8,0x1F,0xE7,0xF8,0x0F,0xFF,0xF0,0x0F,0xFF,0xF0,0x07,0xFF,0xE0,0x07,0xFF,0xE0,0x03,0xFF,0xC0,0x01,0xFF,0x80,0x00,0x7E,0x00,0x00,0x00,0x00,0x00,0x00,0x00,0x00,0x00,0x00,0x00,0x00,0x00,0x00,0x00,0x00,  // O

	0x00,0x00,0x00,0x00,0x00,0x00,0x00,0x00,0x00,0x00,0x00,0x00,0x1F,0xFE,0x00,0x1F,0xFF,0xC0,0x1F,0xFF,0xE0,0x1F,0xFF,0xF0,0x1F,0xFF,0xF8,0x1F,0xFF,0xF8,0x1F,0xFF,0xFC,0x1F,0x81,0xFC,0x1F,0x81,0xFC,0x1F,0x80,0xFC,0x1F,0x80,0xFC,0x1F,0x80,0xFC,0x1F,0x80,0xFC,0x1F,0x80,0xFC,0x1F,0x80,0xFC,0x1F,0x81,0xFC,0x1F,0x81,0xFC,0x1F,0xFF,0xFC,0x1F,0xFF,0xF8,0x1F,0xFF,0xF8,0x1F,0xFF,0xF0,0x1F,0xFF,0xE0,0x1F,0xFF,0xC0,0x1F,0xFE,0x00,0x1F,0x80,0x00,0x1F,0x80,0x00,0x1F,0x80,0x00,0x1F,0x80,0x00,0x1F,0x80,0x00,0x1F,0x80,0x00,0x1F,0x80,0x00,0x1F,0x80,0x00,0x1F,0x80,0x00,0x1F,0x80,0x00,0x1F,0x80,0x00,0x1F,0x80,0x00,0x1F,0x80,0x00,0x1F,0x80,0x00,0x00,0x00,0x00,0x00,0x00,0x00,0x00,0x00,0x00,0x00,0x00,0x00,0x00,0x00,0x00,0x00,0x00,0x00,  // P
	0x00,0x00,0x00,0x00,0x00,0x00,0x00,0x00,0x00,0x00,0x7E,0x00,0x01,0xFF,0x80,0x03,0xFF,0xC0,0x07,0xFF,0xE0,0x07,0xFF,0xE0,0x0F,0xFF,0xF0,0x0F,0xFF,0xF0,0x1F,0xC3,0xF8,0x1F,0x83,0xF8,0x1F,0x81,0xF8,0x3F,0x81,0xFC,0x3F,0x00,0xFC,0x3F,0x00,0xFC,0x3F,0x00,0xFC,0x3F,0x00,0xFC,0x3F,0x00,0xFC,0x3F,0x00,0xFC,0x3F,0x00,0xFC,0x3F,0x00,0xFC,0x3F,0x00,0xFC,0x3F,0x00,0xFC,0x3F,0x00,0xFC,0x3F,0x00,0xFC,0x3F,0x00,0xFC,0x3F,0x00,0xFC,0x3F,0x00,0xFC,0x3F,0x00,0xFC,0x3F,0x00,0xFC,0x3F,0x81,0xFC,0x1F,0x81,0xF8,0x1F,0x81,0xF8,0x1F,0xC3,0xF8,0x0F,0xFF,0xF0,0x0F,0xFF,0xF0,0x07,0xFF,0xE0,0x07,0xFF,0xE0,0x03,0xFF,0xC0,0x01,0xFF,0xC0,0x00,0x7F,0xE0,0x00,0x07,0xF0,0x00,0x03,0xF8,0x00,0x01,0xF8,0x00,0x01,0xF0,0x00,0x00,0xE0,0x00,0x00,0xC0,  // Q
	0x00,0x00,0x00,0x00,0x00,0x00,0x00,0x00,0x00,0x00,0x00,0x00,0x1F,0xFE,0x00,0x3F,0xFF,0x80,0x3F,0xFF,0xE0,0x3F,0xFF,0xF0,0x3F,0xFF,0xF0,0x3F,0xFF,0xF8,0x3F,0xFF,0xF8,0x3F,0x03,0xF8,0x3F,0x01,0xF8,0x3F,0x01,0xF8,0x3F,0x01,0xF8,0x3F,0x01,0xF8,0x3F,0x01,0xF8,0x3F,0x01,0xF8,0x3F,0x01,0xF8,0x3F,0x03,0xF8,0x3F,0x8F,0xF0,0x3F,0xFF,0xF0,0x3F,0xFF,0xE0,0x3F,0xFF,0xC0,0x3F,0xFF,0x00,0x3F,0xFF,0x80,0x3F,0xFF,0xC0,0x3F,0x1F,0xC0,0x3F,0x0F,0xE0,0x3F,0x07,0xE0,0x3F,0x07,0xE0,0x3F,0x03,0xF0,0x3F,0x03,0xF0,0x3F,0x03,0xF8,0x3F,0x01,0xF8,0x3F,0x01,0xF8,0x3F,0x01,0xFC,0x3F,0x00,0xFC,0x3F,0x00,0xFE,0x3F,0x00,0xFE,0x3F,0x00,0x7E,0x3F,0x00,0x7F,0x00,0x00,0x00,0x00,0x00,0x00,0x00,0x00,0x00,0x00,0x00,0x00,0x00,0x00,0x00,0x00,0x00,0x00,  // R
	0x00,0x00,0x00,0x00,0x00,0x00,0x00,0x00,0x00,0x00,0x3C,0x00,0x01,0xFF,0x80,0x03,0xFF,0xE0,0x07,0xFF,0xF0,0x0F,0xFF,0xF0,0x1F,0xFF,0xF0,0x1F,0xFF,0xF0,0x1F,0x80,0xF0,0x3F,0x80,0x70,0x3F,0x00,0x10,0x3F,0x00,0x00,0x3F,0x00,0x00,0x3F,0x00,0x00,0x3F,0x80,0x00,0x3F,0xC0,0x00,0x1F,0xF0,0x00,0x1F,0xFC,0x00,0x0F,0xFF,0x00,0x0F,0xFF,0x80,0x07,0xFF,0xC0,0x03,0xFF,0xE0,0x00,0xFF,0xF0,0x00,0x7F,0xF0,0x00,0x1F,0xF8,0x00,0x07,0xF8,0x00,0x03,0xF8,0x00,0x01,0xFC,0x00,0x01,0xFC,0x00,0x00,0xFC,0x00,0x00,0xFC,0x30,0x01,0xFC,0x38,0x01,0xF8,0x3E,0x03,0xF8,0x3F,0xFF,0xF8,0x3F,0xFF,0xF8,0x3F,0xFF,0xF0,0x3F,0xFF,0xE0,0x1F,0xFF,0xC0,0x07,0xFF,0x80,0x01,0xFE,0x00,0x00,0x00,0x00,0x00,0x00,0x00,0x00,0x00,0x00,0x00,0x00,0x00,0x00,0x00,0x00,  // S
	0x00,0x00,0x00,0x00,0x00,0x00,0x00,0x00,0x00,0x00,0x00,0x00,0x3F,0xFF,0xFC,0x3F,0xFF,0xFC,0x3F,0xFF,0xFC,0x3F,0xFF,0xFC,0x3F,0xFF,0xFC,0x3F,0xFF,0xFC,0x3F,0xFF,0xFC,0x00,0x7E,0x00,0x00,0x7E,0x00,0x00,0x7E,0x00,0x00,0x7E,0x00,0x00,0x7E,0x00,0x00,0x7E,0x00,0x00,0x7E,0x00,0x00,0x7E,0x00,0x00,0x7E,0x00,0x00,0x7E,0x00,0x00,0x7E,0x00,0x00,0x7E,0x00,0x00,0x7E,0x00,0x00,0x7E,0x00,0x00,0x7E,0x00,0x00,0x7E,0x00,0x00,0x7E,0x00,0x00,0x7E,0x00,0x00,0x7E,0x00,0x00,0x7E,0x00,0x00,0x7E,0x00,0x00,0x7E,0x00,0x00,0x7E,0x00,0x00,0x7E,0x00,0x00,0x7E,0x00,0x00,0x7E,0x00,0x00,0x7E,0x00,0x00,0x7E,0x00,0x00,0x7E,0x00,0x00,0x7E,0x00,0x00,0x7E,0x00,0x00,0x00,0x00,0x00,0x00,0x00,0x00,0x00,0x00,0x00,0x00,0x00,0x00,0x00,0x00,0x00,0x00,0x00,  // T
	0x00,0x00,0x00,0x00,0x00,0x00,0x00,0x00,0x00,0x00,0x00,0x00,0x3F,0x00,0xFC,0x3F,0x00,0xFC,0x3F,0x00,0xFC,0x3F,0x00,0xFC,0x3F,0x00,0xFC,0x3F,0x00,0xFC,0x3F,0x00,0xFC,0x3F,0x00,0xFC,0x3F,0x00,0xFC,0x3F,0x00,0xFC,0x3F,0x00,0xFC,0x3F,0x00,0xFC,0x3F,0x00,0xFC,0x3F,0x00,0xFC,0x3F,0x00,0xFC,0x3F,0x00,0xFC,0x3F,0x00,0xFC,0x3F,0x00,0xFC,0x3F,0x00,0xFC,0x3F,0x00,0xFC,0x3F,0x00,0xFC,0x3F,0x00,0xFC,0x3F,0x00,0xFC,0x3F,0x00,0xFC,0x3F,0x00,0xFC,0x3F,0x00,0xFC,0x3F,0x00,0xFC,0x3F,0x00,0xFC,0x3F,0x00,0xFC,0x3F,0x81,0xFC,0x1F,0x81,0xFC,0x1F,0xC3,0xF8,0x1F,0xFF,0xF8,0x1F,0xFF,0xF8,0x0F,0xFF,0xF0,0x07,0xFF,0xF0,0x07,0xFF,0xE0,0x01,0xFF,0xC0,0x00,0x7E,0x00,0x00,0x00,0x00,0x00,0x00,0x00,0x00,0x00,0x00,0x00,0x00,0x00,0x00,0x00,0x00,  // U
	0x00,0x00,0x00,0x00,0x00,0x00,0x00,0x00,0x00,0x00,0x00,0x00,0x7E,0x00,0x7E,0x7E,0x00,0x7E,0x7E,0x00,0x7E,0x3F,0x00,0xFC,0x3F,0x00,0xFC,0x3F,0x00,0xFC,0x3F,0x00,0xFC,0x3F,0x00,0xFC,0x1F,0x00,0xFC,0x1F,0x80,0xF8,0x1F,0x81,0xF8,0x1F,0x81,0xF8,0x1F,0x81,0xF8,0x1F,0x81,0xF8,0x0F,0x81,0xF0,0x0F,0xC1,0xF0,0x0F,0xC3,0xF0,0x0F,0xC3,0xF0,0x0F,0xC3,0xF0,0x07,0xC3,0xF0,0x07,0xC3,0xE0,0x07,0xE3,0xE0,0x07,0xE7,0xE0,0x07,0xE7,0xE0,0x03,0xE7,0xE0,0x03,0xE7,0xC0,0x03,0xE7,0xC0,0x03,0xE7,0xC0,0x03,0xF7,0xC0,0x03,0xFF,0xC0,0x01,0xFF,0x80,0x01,0xFF,0x80,0x01,0xFF,0x80,0x01,0xFF,0x80,0x01,0xFF,0x80,0x01,0xFF,0x80,0x00,0xFF,0x00,0x00,0xFF,0x00,0x00,0x00,0x00,0x00,0x00,0x00,0x00,0x00,0x00,0x00,0x00,0x00,0x00,0x00,0x00,0x00,0x00,0x00,  // V
	0x00,0x00,0x00,0x00,0x00,0x00,0x00,0x00,0x00,0x00,0x00,0x00,0xF8,0x00,0x1F,0xF8,0x00,0x1F,0xF8,0x00,0x1F,0xF8,0x00,0x1F,0xFC,0x00,0x1F,0xFC,0x00,0x3F,0xFC,0x00,0x3F,0x7C,0x00,0x1F,0x7C,0x00,0x3E,0x7C,0x00,0x3E,0x7C,0x3E,0x3E,0x7C,0x7E,0x3E,0x7C,0x7E,0x3E,0x7C,0x7E,0x3E,0x7C,0x7E,0x3E,0x7C,0x7F,0x3E,0x7C,0x7F,0x3E,0x3E,0x7F,0x3E,0x3E,0xFF,0x3E,0x3E,0xFF,0x3E,0x3E,0xF7,0x3C,0x3E,0xE7,0x3C,0x3E,0xE7,0x3C,0x3E,0xE7,0xBC,0x3F,0xE7,0xFC,0x3F,0xE7,0xFC,0x3F,0xE7,0xFC,0x1F,0xE7,0xFC,0x1F,0xE3,0xFC,0x1F,0xC3,0xFC,0x1F,0xC3,0xFC,0x1F,0xC3,0xF8,0x1F,0xC3,0xF8,0x1F,0xC1,0xF8,0x1F,0xC1,0xF8,0x1F,0xC1,0xF8,0x1F,0x81,0xF8,0x0F,0x81,0xF8,0x00,0x00,0x00,0x00,0x00,0x00,0x00,0x00,0x00,0x00,0x00,0x00,0x00,0x00,0x00,0x00,0x00,0x00,  // W
	0x00,0x00,0x00,0x00,0x00,0x00,0x00,0x00,0x00,0x00,0x00,0x00,0x7E,0x00,0x7E,0x7F,0x00,0x7E,0x3F,0x00,0xFE,0x3F,0x00,0xFC,0x1F,0x81,0xFC,0x1F,0x81,0xF8,0x0F,0xC1,0xF8,0x0F,0xC3,0xF0,0x0F,0xE3,0xF0,0x07,0xE7,0xE0,0x07,0xE7,0xE0,0x03,0xFF,0xE0,0x03,0xFF,0xC0,0x01,0xFF,0xC0,0x01,0xFF,0x80,0x00,0xFF,0x80,0x00,0xFF,0x00,0x00,0xFF,0x00,0x00,0x7E,0x00,0x00,0x7F,0x00,0x00,0xFF,0x00,0x00,0xFF,0x00,0x01,0xFF,0x80,0x01,0xFF,0x80,0x01,0xFF,0xC0,0x03,0xFF,0xC0,0x03,0xF7,0xE0,0x07,0xE7,0xE0,0x07,0xE7,0xF0,0x0F,0xC3,0xF0,0x0F,0xC3,0xF0,0x1F,0xC1,0xF8,0x1F,0x81,0xF8,0x1F,0x80,0xFC,0x3F,0x00,0xFC,0x3F,0x00,0xFE,0x7E,0x00,0x7E,0x7E,0x00,0x7F,0x00,0x00,0x00,0x00,0x00,0x00,0x00,0x00,0x00,0x00,0x00,0x00,0x00,0x00,0x00,0x00,0x00,0x00,  // X
	0x00,0x00,0x00,0x00,0x00,0x00,0x00,0x00,0x00,0x00,0x00,0x00,0x7E,0x00,0x3F,0x7E,0x00,0x7F,0x7E,0x00,0x7E,0x7F,0x00,0xFE,0x3F,0x00,0xFC,0x3F,0x80,0xFC,0x1F,0x81,0xFC,0x1F,0x81,0xF8,0x1F,0xC1,0xF8,0x0F,0xC3,0xF8,0x0F,0xC3,0xF0,0x07,0xE7,0xF0,0x07,0xE7,0xE0,0x07,0xE7,0xE0,0x03,0xFF,0xE0,0x03,0xFF,0xC0,0x01,0xFF,0xC0,0x01,0xFF,0x80,0x01,0xFF,0x80,0x00,0xFF,0x80,0x00,0xFF,0x00,0x00,0xFF,0x00,0x00,0x7E,0x00,0x00,0x7E,0x00,0x00,0x7E,0x00,0x00,0x7E,0x00,0x00,0x7E,0x00,0x00,0x7E,0x00,0x00,0x7E,0x00,0x00,0x7E,0x00,0x00,0x7E,0x00,0x00,0x7E,0x00,0x00,0x7E,0x00,0x00,0x7E,0x00,0x00,0x7E,0x00,0x00,0x7E,0x00,0x00,0x7E,0x00,0x00,0x7E,0x00,0x00,0x00,0x00,0x00,0x00,0x00,0x00,0x00,0x00,0x00,0x00,0x00,0x00,0x00,0x00,0x00,0x00,0x00,  // Y
	0x00,0x00,0x00,0x00,0x00,0x00,0x00,0x00,0x00,0x00,0x00,0x00,0x1F,0xFF,0xFC,0x1F,0xFF,0xFE,0x1F,0xFF,0xFE,0x1F,0xFF,0xFE,0x1F,0xFF,0xFE,0x1F,0xFF,0xFE,0x1F,0xFF,0xFE,0x00,0x01,0xFC,0x00,0x03,0xFC,0x00,0x03,0xF8,0x00,0x07,0xF0,0x00,0x07,0xF0,0x00,0x0F,0xE0,0x00,0x0F,0xE0,0x00,0x1F,0xC0,0x00,0x1F,0xC0,0x00,0x3F,0x80,0x00,0x3F,0x80,0x00,0x7F,0x00,0x00,0x7F,0x00,0x00,0xFE,0x00,0x00,0xFC,0x00,0x01,0xFC,0x00,0x01,0xF8,0x00,0x03,0xF8,0x00,0x03,0xF0,0x00,0x07,0xF0,0x00,0x0F,0xE0,0x00,0x0F,0xE0,0x00,0x1F,0xC0,0x00,0x1F,0x80,0x00,0x3F,0xFF,0xFC,0x3F,0xFF,0xFE,0x3F,0xFF,0xFE,0x3F,0xFF,0xFE,0x3F,0xFF,0xFE,0x3F,0xFF,0xFE,0x3F,0xFF,0xFE,0x00,0x00,0x00,0x00,0x00,0x00,0x00,0x00,0x00,0x00,0x00,0x00,0x00,0x00,0x00,0x00,0x00,0x00,  // Z
	0x00,0x00,0x00,0x00,0x00,0x00,0x00,0xFF,0xC0,0x00,0xFF,0xC0,0x00,0xFF,0xC0,0x00,0xFF,0xC0,0x00,0xFF,0xC0,0x00,0xFC,0x00,0x00,0xFC,0x00,0x00,0xFC,0x00,0x00,0xFC,0x00,0x00,0xFC,0x00,0x00,0xFC,0x00,0x00,0xFC,0x00,0x00,0xFC,0x00,0x00,0xFC,0x00,0x00,0xFC,0x00,0x00,0xFC,0x00,0x00,0xFC,0x00,0x00,0xFC,0x00,0x00,0xFC,0x00,0x00,0xFC,0x00,0x00,0xFC,0x00,0x00,0xFC,0x00,0x00,0xFC,0x00,0x00,0xFC,0x00,0x00,0xFC,0x00,0x00,0xFC,0x00,0x00,0xFC,0x00,0x00,0xFC,0x00,0x00,0xFC,0x00,0x00,0xFC,0x00,0x00,0xFC,0x00,0x00,0xFC,0x00,0x00,0xFC,0x00,0x00,0xFC,0x00,0x00,0xFC,0x00,0x00,0xFC,0x00,0x00,0xFC,0x00,0x00,0xFC,0x00,0x00,0xFF,0xC0,0x00,0xFF,0xC0,0x00,0xFF,0xC0,0x00,0xFF,0xC0,0x00,0x00,0x00,0x00,0x00,0x00,0x00,0x00,0x00,0x00,0x00,0x00,  // [
	0x00,0x00,0x00,0x00,0x00,0x00,0x00,0x00,0x00,0x00,0x00,0x00,0x00,0x00,0x00,0x00,0x00,0x00,0x3E,0x00,0x00,0x1E,0x00,0x00,0x1F,0x00,0x00,0x0F,0x00,0x00,0x0F,0x80,0x00,0x0F,0x80,0x00,0x07,0x80,0x00,0x07,0xC0,0x00,0x03,0xC0,0x00,0x03,0xE0,0x00,0x01,0xE0,0x00,0x01,0xF0,0x00,0x01,0xF0,0x00,0x00,0xF0,0x00,0x00,0xF8,0x00,0x00,0x78,0x00,0x00,0x7C,0x00,0x00,0x3C,0x00,0x00,0x3E,0x00,0x00,0x3E,0x00,0x00,0x1E,0x00,0x00,0x1F,0x00,0x00,0x0F,0x00,0x00,0x0F,0x80,0x00,0x07,0x80,0x00,0x07,0xC0,0x00,0x07,0xC0,0x00,0x03,0xC0,0x00,0x03,0xE0,0x00,0x01,0xE0,0x00,0x01,0xF0,0x00,0x00,0xF0,0x00,0x00,0xF8,0x00,0x00,0xF8,0x00,0x00,0x7C,0x00,0x00,0x7C,0x00,0x00,0x00,0x00,0x00,0x00,0x00,0x00,0x00,0x00,0x00,0x00,0x00,0x00,0x00,0x00,0x00,0x00,  // <backslash>
	0x00,0x00,0x00,0x00,0x00,0x00,0x01,0xFF,0x00,0x03,0xFF,0x80,0x03,0xFF,0x80,0x03,0xFF,0x80,0x01,0xFF,0x80,0x00,0x1F,0x80,0x00,0x1F,0x80,0x00,0x1F,0x80,0x00,0x1F,0x80,0x00,0x1F,0x80,0x00,0x1F,0x80,0x00,0x1F,0x80,0x00,0x1F,0x80,0x00,0x1F,0x80,0x00,0x1F,0x80,0x00,0x1F,0x80,0x00,0x1F,0x80,0x00,0x1F,0x80,0x00,0x1F,0x80,0x00,0x1F,0x80,0x00,0x1F,0x80,0x00,0x1F,0x80,0x00,0x1F,0x80,0x00,0x1F,0x80,0x00,0x1F,0x80,0x00,0x1F,0x80,0x00,0x1F,0x80,0x00,0x1F,0x80,0x00,0x1F,0x80,0x00,0x1F,0x80,0x00,0x1F,0x80,0x00,0x1F,0x80,0x00,0x1F,0x80,0x00,0x1F,0x80,0x00,0x1F,0x80,0x00,0x1F,0x80,0x00,0x1F,0x80,0x00,0x1F,0x80,0x01,0xFF,0x80,0x03,0xFF,0x80,0x03,0xFF,0x80,0x03,0xFF,0x80,0x00,0x00,0x00,0x00,0x00,0x00,0x00,0x00,0x00,0x00,0x00,0x00,  // ]
	0x00,0x00,0x00,0x00,0x00,0x00,0x00,0x00,0x00,0x00,0x00,0x00,0x00,0x00,0x00,0x00,0x00,0x00,0x00,0x00,0x00,0x00,0x00,0x00,0x00,0x00,0x00,0x00,0x00,0x00,0x00,0x00,0x00,0x00,0x00,0x00,0x00,0x7E,0x00,0x00,0x7F,0x00,0x00,0xFF,0x00,0x01,0xFF,0x80,0x01,0xFF,0x80,0x03,0xFF,0xC0,0x03,0xFF,0xE0,0x07,0xE7,0xE0,0x0F,0xC3,0xF0,0x0F,0xC3,0xF0,0x1F,0x81,0xF8,0x1F,0x00,0xFC,0x3E,0x00,0x7C,0x7C,0x00,0x3E,0x00,0x00,0x00,0x00,0x00,0x00,0x00,0x00,0x00,0x00,0x00,0x00,0x00,0x00,0x00,0x00,0x00,0x00,0x00,0x00,0x00,0x00,0x00,0x00,0x00,0x00,0x00,0x00,0x00,0x00,0x00,0x00,0x00,0x00,0x00,0x00,0x00,0x00,0x00,0x00,0x00,0x00,0x00,0x00,0x00,0x00,0x00,0x00,0x00,0x00,0x00,0x00,0x00,0x00,0x00,0x00,0x00,0x00,0x00,0x00,0x00,0x00,0x00,0x00,0x00,0x00,  // ^
	0x00,0x00,0x00,0x00,0x00,0x00,0x00,0x00,0x00,0x00,0x00,0x00,0x00,0x00,0x00,0x00,0x00,0x00,0x00,0x00,0x00,0x00,0x00,0x00,0x00,0x00,0x00,0x00,0x00,0x00,0x00,0x00,0x00,0x00,0x00,0x00,0x00,0x00,0x00,0x00,0x00,0x00,0x00,0x00,0x00,0x00,0x00,0x00,0x00,0x00,0x00,0x00,0x00,0x00,0x00,0x00,0x00,0x00,0x00,0x00,0x00,0x00,0x00,0x00,0x00,0x00,0x00,0x00,0x00,0x00,0x00,0x00,0x00,0x00,0x00,0x00,0x00,0x00,0x00,0x00,0x00,0x00,0x00,0x00,0x00,0x00,0x00,0x00,0x00,0x00,0x00,0x00,0x00,0x00,0x00,0x00,0x00,0x00,0x00,0x00,0x00,0x00,0x00,0x00,0x00,0x00,0x00,0x00,0x00,0x00,0x00,0x00,0x00,0x00,0xFF,0xFF,0xFF,0xFF,0xFF,0xFF,0xFF,0xFF,0xFF,0xFF,0xFF,0xFF,0xFF,0xFF,0xFF,0x00,0x00,0x00,0x00,0x00,0x00,0x00,0x00,0x00,0x00,0x00,0x00,0x00,0x00,0x00,  // _

	0x00,0x00,0x00,0x00,0x00,0x00,0x00,0x00,0x00,0x00,0x0F,0x00,0x00,0x1F,0x00,0x00,0x1F,0x00,0x00,0x3F,0x00,0x00,0x3E,0x00,0x00,0x3E,0x00,0x00,0x7E,0x00,0x00,0x7E,0x00,0x00,0xFE,0x00,0x00,0xFC,0x00,0x00,0xFC,0x00,0x00,0xFC,0x00,0x00,0xFC,0x00,0x00,0xFC,0x00,0x00,0xFC,0x00,0x00,0xFC,0x00,0x00,0x00,0x00,0x00,0x00,0x00,0x00,0x00,0x00,0x00,0x00,0x00,0x00,0x00,0x00,0x00,0x00,0x00,0x00,0x00,0x00,0x00,0x00,0x00,0x00,0x00,0x00,0x00,0x00,0x00,0x00,0x00,0x00,0x00,0x00,0x00,0x00,0x00,0x00,0x00,0x00,0x00,0x00,0x00,0x00,0x00,0x00,0x00,0x00,0x00,0x00,0x00,0x00,0x00,0x00,0x00,0x00,0x00,0x00,0x00,0x00,0x00,0x00,0x00,0x00,0x00,0x00,0x00,0x00,0x00,0x00,0x00,0x00,0x00,0x00,0x00,0x00,0x00,0x00,0x00,0x00,0x00,0x00,0x00,0x00,0x00,0x00,  // `
	0x00,0x00,0x00,0x00,0x00,0x00,0x00,0x00,0x00,0x00,0x00,0x00,0x00,0x00,0x00,0x00,0x00,0x00,0x00,0x00,0x00,0x00,0x00,0x00,0x00,0x00,0x00,0x00,0x00,0x00,0x00,0x00,0x00,0x00,0x00,0x00,0x00,0x00,0x00,0x01,0xFF,0x00,0x07,0xFF,0xC0,0x0F,0xFF,0xE0,0x0F,0xFF,0xF0,0x0F,0xFF,0xF0,0x0F,0xFF,0xF8,0x0E,0x01,0xF8,0x18,0x01,0xF8,0x00,0x00,0xF8,0x00,0x00,0xF8,0x00,0xFF,0xF8,0x07,0xFF,0xF8,0x0F,0xFF,0xF8,0x1F,0xFF,0xF8,0x1F,0xFF,0xF8,0x3F,0xFF,0xF8,0x3F,0xC0,0xF8,0x3F,0x00,0xF8,0x7F,0x01,0xF8,0x7F,0x01,0xF8,0x7F,0x01,0xF8,0x7F,0x01,0xF8,0x3F,0x03,0xF8,0x3F,0x87,0xF8,0x3F,0xCF,0xF8,0x3F,0xFF,0xF8,0x1F,0xFF,0xF8,0x0F,0xFC,0xF8,0x07,0xFC,0xF8,0x01,0xF0,0x00,0x00,0x00,0x00,0x00,0x00,0x00,0x00,0x00,0x00,0x00,0x00,0x00,0x00,0x00,0x00,  // a
	0x00,0x00,0x00,0x00,0x00,0x00,0x00,0x00,0x00,0x1F,0x00,0x00,0x1F,0x00,0x00,0x1F,0x00,0x00,0x1F,0x00,0x00,0x1F,0x00,0x00,0x1F,0x00,0x00,0x1F,0x00,0x00,0x1F,0x00,0x00,0x1F,0x00,0x00,0x1F,0x00,0x00,0x1F,0x0F,0x80,0x1F,0x3F,0xC0,0x1F,0x3F,0xE0,0x1F,0x7F,0xF0,0x1F,0xFF,0xF0,0x1F,0xFF,0xF8,0x1F,0xE7,0xF8,0x1F,0xC1,0xF8,0x1F,0xC1,0xFC,0x1F,0x80,0xFC,0x1F,0x80,0xFC,0x1F,0x80,0xFC,0x1F,0x80,0xFC,0x1F,0x00,0xFC,0x1F,0x00,0xFC,0x1F,0x00,0xFC,0x1F,0x00,0xFC,0x1F,0x80,0xFC,0x1F,0x80,0xFC,0x1F,0x80,0xFC,0x1F,0x80,0xFC,0x1F,0xC1,0xFC,0x1F,0xC1,0xF8,0x1F,0xE7,0xF8,0x1F,0xFF,0xF8,0x1F,0xFF,0xF0,0x1F,0x7F,0xF0,0x1F,0x3F,0xE0,0x1F,0x3F,0xC0,0x00,0x0F,0x80,0x00,0x00,0x00,0x00,0x00,0x00,0x00,0x00,0x00,0x00,0x00,0x00,0x00,0x00,0x00,  // b
	0x00,0x00,0x00,0x00,0x00,0x00,0x00,0x00,0x00,0x00,0x00,0x00,0x00,0x00,0x00,0x00,0x00,0x00,0x00,0x00,0x00,0x00,0x00,0x00,0x00,0x00,0x00,0x00,0x00,0x00,0x00,0x00,0x00,0x00,0x00,0x00,0x00,0x00,0x00,0x00,0x3F,0x80,0x00,0xFF,0xE0,0x01,0xFF,0xF0,0x03,0xFF,0xF0,0x07,0xFF,0xF0,0x07,0xFF,0xF0,0x0F,0xF0,0x70,0x0F,0xE0,0x38,0x0F,0xC0,0x00,0x1F,0xC0,0x00,0x1F,0x80,0x00,0x1F,0x80,0x00,0x1F,0x80,0x00,0x1F,0x80,0x00,0x1F,0x80,0x00,0x1F,0x80,0x00,0x1F,0x80,0x00,0x1F,0x80,0x00,0x1F,0x80,0x00,0x1F,0x80,0x00,0x1F,0xC0,0x00,0x0F,0xC0,0x10,0x0F,0xE0,0x30,0x0F,0xF8,0xF0,0x07,0xFF,0xF0,0x07,0xFF,0xF0,0x03,0xFF,0xF0,0x01,0xFF,0xF0,0x00,0xFF,0xE0,0x00,0x3F,0x80,0x00,0x00,0x00,0x00,0x00,0x00,0x00,0x00,0x00,0x00,0x00,0x00,0x00,0x00,0x00,  // c
	0x00,0x00,0x00,0x00,0x00,0x00,0x00,0x00,0x00,0x00,0x01,0xF8,0x00,0x01,0xF8,0x00,0x01,0xF8,0x00,0x01,0xF8,0x00,0x01,0xF8,0x00,0x01,0xF8,0x00,0x01,0xF8,0x00,0x01,0xF8,0x00,0x01,0xF8,0x00,0x01,0xF8,0x01,0xF1,0xF8,0x07,0xF9,0xF8,0x0F,0xFD,0xF8,0x0F,0xFF,0xF8,0x1F,0xFF,0xF8,0x1F,0xFF,0xF8,0x3F,0xCF,0xF8,0x3F,0x87,0xF8,0x3F,0x03,0xF8,0x3F,0x03,0xF8,0x3F,0x01,0xF8,0x3F,0x01,0xF8,0x7E,0x01,0xF8,0x7E,0x01,0xF8,0x7E,0x01,0xF8,0x7E,0x01,0xF8,0x7E,0x01,0xF8,0x7E,0x01,0xF8,0x3F,0x01,0xF8,0x3F,0x01,0xF8,0x3F,0x03,0xF8,0x3F,0x03,0xF8,0x3F,0x87,0xF8,0x1F,0xCF,0xF8,0x1F,0xFF,0xF8,0x1F,0xFF,0xF8,0x0F,0xFF,0xF8,0x07,0xFD,0xF8,0x07,0xF9,0xF8,0x01,0xF0,0x00,0x00,0x00,0x00,0x00,0x00,0x00,0x00,0x00,0x00,0x00,0x00,0x00,0x00,0x00,0x00,  // d
	0x00,0x00,0x00,0x00,0x00,0x00,0x00,0x00,0x00,0x00,0x00,0x00,0x00,0x00,0x00,0x00,0x00,0x00,0x00,0x00,0x00,0x00,0x00,0x00,0x00,0x00,0x00,0x00,0x00,0x00,0x00,0x00,0x00,0x00,0x00,0x00,0x00,0x00,0x00,0x00,0x7F,0x00,0x01,0xFF,0xC0,0x03,0xFF,0xE0,0x07,0xFF,0xF0,0x0F,0xFF,0xF0,0x0F,0xFF,0xF8,0x1F,0xC3,0xF8,0x1F,0x81,0xFC,0x3F,0x00,0xFC,0x3F,0x00,0xFC,0x3F,0x00,0xFC,0x3F,0xFF,0xFC,0x3F,0xFF,0xFE,0x3F,0xFF,0xFE,0x3F,0xFF,0xFE,0x3F,0xFF,0xFE,0x3F,0xFF,0xFE,0x3F,0x00,0x00,0x3F,0x00,0x00,0x3F,0x00,0x00,0x3F,0x00,0x00,0x3F,0x80,0x0C,0x1F,0x80,0x1C,0x1F,0xE0,0xFC,0x0F,0xFF,0xFC,0x0F,0xFF,0xFC,0x07,0xFF,0xFC,0x03,0xFF,0xFC,0x01,0xFF,0xF0,0x00,0x7F,0x80,0x00,0x00,0x00,0x00,0x00,0x00,0x00,0x00,0x00,0x00,0x00,0x00,0x00,0x00,0x00,  // e
	0x00,0x00,0x00,0x00,0x00,0x00,0x00,0x00,0x00,0x00,0x1F,0xF8,0x00,0x3F,0xF8,0x00,0x3F,0xF8,0x00,0x7F,0xF8,0x00,0x7F,0xF8,0x00,0x7F,0x00,0x00,0xFC,0x00,0x00,0xFC,0x00,0x00,0xFC,0x00,0x00,0xFC,0x00,0x00,0xFE,0x00,0x1F,0xFF,0xF8,0x1F,0xFF,0xF8,0x1F,0xFF,0xF8,0x1F,0xFF,0xF8,0x1F,0xFF,0xF8,0x0F,0xFF,0xF0,0x00,0xFC,0x00,0x00,0xFC,0x00,0x00,0xFC,0x00,0x00,0xFC,0x00,0x00,0xFC,0x00,0x00,0xFC,0x00,0x00,0xFC,0x00,0x00,0xFC,0x00,0x00,0xFC,0x00,0x00,0xFC,0x00,0x00,0xFC,0x00,0x00,0xFC,0x00,0x00,0xFC,0x00,0x00,0xFC,0x00,0x00,0xFC,0x00,0x00,0xFC,0x00,0x00,0xFC,0x00,0x00,0xFC,0x00,0x00,0xFC,0x00,0x00,0xFC,0x00,0x00,0xFC,0x00,0x00,0xFC,0x00,0x00,0x00,0x00,0x00,0x00,0x00,0x00,0x00,0x00,0x00,0x00,0x00,0x00,0x00,0x00,0x00,0x00,0x00,  // f
	0x00,0x00,0x00,0x00,0x00,0x00,0x00,0x00,0x00,0x00,0x00,0x00,0x00,0x00,0x00,0x00,0x00,0x00,0x00,0x00,0x00,0x00,0x00,0x00,0x00,0x00,0x00,0x00,0x00,0x00,0x00,0x00,0x00,0x00,0x00,0x00,0x00,0x00,0x00,0x01,0xF8,0x00,0x03,0xFC,0xF8,0x07,0xFE,0xF8,0x0F,0xFF,0xF8,0x1F,0xFF,0xF8,0x1F,0xEF,0xF8,0x3F,0x83,0xF8,0x3F,0x83,0xF8,0x3F,0x01,0xF8,0x3F,0x01,0xF8,0x3F,0x01,0xF8,0x3F,0x01,0xF8,0x3F,0x01,0xF8,0x3E,0x00,0xF8,0x3F,0x01,0xF8,0x3F,0x01,0xF8,0x3F,0x01,0xF8,0x3F,0x01,0xF8,0x3F,0x83,0xF8,0x1F,0xC7,0xF8,0x1F,0xFF,0xF8,0x0F,0xFF,0xF8,0x0F,0xFF,0xF8,0x07,0xFC,0xF8,0x01,0xF8,0xF8,0x00,0x01,0xF8,0x00,0x01,0xF8,0x00,0x01,0xF8,0x0C,0x03,0xF8,0x0F,0xFF,0xF8,0x0F,0xFF,0xF0,0x0F,0xFF,0xF0,0x0F,0xFF,0xE0,0x0F,0xFF,0x80,0x03,0xFE,0x00,  // g
	0x00,0x00,0x00,0x00,0x00,0x00,0x00,0x00,0x00,0x1F,0x80,0x00,0x1F,0x80,0x00,0x1F,0x80,0x00,0x1F,0x80,0x00,0x1F,0x80,0x00,0x1F,0x80,0x00,0x1F,0x80,0x00,0x1F,0x80,0x00,0x1F,0x80,0x00,0x1F,0x80,0x00,0x1F,0x8F,0x80,0x1F,0x9F,0xC0,0x1F,0xBF,0xE0,0x1F,0xFF,0xF0,0x1F,0xFF,0xF0,0x1F,0xFF,0xF0,0x1F,0xE3,0xF8,0x1F,0xC1,0xF8,0x1F,0xC1,0xF8,0x1F,0x81,0xF8,0x1F,0x81,0xF8,0x1F,0x81,0xF8,0x1F,0x81,0xF8,0x1F,0x81,0xF8,0x1F,0x81,0xF8,0x1F,0x81,0xF8,0x1F,0x81,0xF8,0x1F,0x81,0xF8,0x1F,0x81,0xF8,0x1F,0x81,0xF8,0x1F,0x81,0xF8,0x1F,0x81,0xF8,0x1F,0x81,0xF8,0x1F,0x81,0xF8,0x1F,0x81,0xF8,0x1F,0x81,0xF8,0x1F,0x81,0xF8,0x1F,0x81,0xF8,0x1F,0x81,0xF8,0x00,0x00,0x00,0x00,0x00,0x00,0x00,0x00,0x00,0x00,0x00,0x00,0x00,0x00,0x00,0x00,0x00,0x00,  // h
	0x00,0x3F,0x00,0x00,0x3F,0x00,0x00,0x3F,0x00,0x00,0x3F,0x00,0x00,0x3F,0x00,0x00,0x3F,0x00,0x00,0x3F,0x00,0x00,0x3F,0x00,0x00,0x3E,0x00,0x00,0x00,0x00,0x00,0x00,0x00,0x00,0x00,0x00,0x00,0x00,0x00,0x00,0x00,0x00,0x0F,0xFF,0x00,0x0F,0xFF,0x00,0x0F,0xFF,0x00,0x0F,0xFF,0x00,0x0F,0xFF,0x00,0x07,0xFF,0x00,0x00,0x3F,0x00,0x00,0x3F,0x00,0x00,0x3F,0x00,0x00,0x3F,0x00,0x00,0x3F,0x00,0x00,0x3F,0x00,0x00,0x3F,0x00,0x00,0x3F,0x00,0x00,0x3F,0x00,0x00,0x3F,0x00,0x00,0x3F,0x00,0x00,0x3F,0x00,0x00,0x3F,0x00,0x00,0x3F,0x00,0x00,0x3F,0x00,0x00,0x3F,0x00,0x1F,0xFF,0xFC,0x1F,0xFF,0xFE,0x1F,0xFF,0xFE,0x1F,0xFF,0xFE,0x1F,0xFF,0xFE,0x1F,0xFF,0xFE,0x00,0x00,0x00,0x00,0x00,0x00,0x00,0x00,0x00,0x00,0x00,0x00,0x00,0x00,0x00,0x00,0x00,0x00,  // i
	0x00,0x00,0x00,0x00,0x1F,0x00,0x00,0x1F,0x80,0x00,0x1F,0x80,0x00,0x1F,0x80,0x00,0x1F,0x80,0x00,0x1F,0x80,0x00,0x1F,0x80,0x00,0x1F,0x00,0x00,0x00,0x00,0x00,0x00,0x00,0x00,0x00,0x00,0x00,0x00,0x00,0x00,0x00,0x00,0x07,0xFF,0x80,0x07,0xFF,0x80,0x07,0xFF,0x80,0x07,0xFF,0x80,0x07,0xFF,0x80,0x00,0x1F,0x80,0x00,0x1F,0x80,0x00,0x1F,0x80,0x00,0x1F,0x80,0x00,0x1F,0x80,0x00,0x1F,0x80,0x00,0x1F,0x80,0x00,0x1F,0x80,0x00,0x1F,0x80,0x00,0x1F,0x80,0x00,0x1F,0x80,0x00,0x1F,0x80,0x00,0x1F,0x80,0x00,0x1F,0x80,0x00,0x1F,0x80,0x00,0x1F,0x80,0x00,0x1F,0x80,0x00,0x1F,0x80,0x00,0x1F,0x80,0x00,0x1F,0x80,0x00,0x3F,0x80,0x00,0x3F,0x00,0x00,0x3F,0x00,0x00,0xFF,0x00,0x1F,0xFF,0x00,0x1F,0xFE,0x00,0x1F,0xFE,0x00,0x1F,0xFC,0x00,0x1F,0xF0,0x00,  // j
	0x00,0x00,0x00,0x00,0x00,0x00,0x00,0x00,0x00,0x1F,0x80,0x00,0x1F,0x80,0x00,0x1F,0x80,0x00,0x1F,0x80,0x00,0x1F,0x80,0x00,0x1F,0x80,0x00,0x1F,0x80,0x00,0x1F,0x80,0x00,0x1F,0x80,0x00,0x1F,0x80,0x00,0x1F,0x80,0x00,0x1F,0x81,0xFC,0x1F,0x83,0xFC,0x1F,0x83,0xF8,0x1F,0x87,0xF0,0x1F,0x8F,0xE0,0x1F,0x8F,0xC0,0x1F,0x9F,0xC0,0x1F,0xBF,0x80,0x1F,0xFF,0x00,0x1F,0xFE,0x00,0x1F,0xFE,0x00,0x1F,0xFE,0x00,0x1F,0xFF,0x00,0x1F,0xFF,0x00,0x1F,0xFF,0x80,0x1F,0xDF,0x80,0x1F,0xCF,0xC0,0x1F,0x8F,0xC0,0x1F,0x8F,0xE0,0x1F,0x87,0xE0,0x1F,0x87,0xF0,0x1F,0x83,0xF0,0x1F,0x83,0xF8,0x1F,0x81,0xF8,0x1F,0x81,0xFC,0x1F,0x80,0xFC,0x1F,0x80,0xFE,0x1F,0x80,0x7E,0x00,0x00,0x00,0x00,0x00,0x00,0x00,0x00,0x00,0x00,0x00,0x00,0x00,0x00,0x00,0x00,0x00,0x00,  // k
	0x00,0x00,0x00,0x00,0x00,0x00,0x00,0x00,0x00,0x7F,0xF8,0x00,0x7F,0xF8,0x00,0x7F,0xF8,0x00,0x7F,0xF8,0x00,0x7F,0xF8,0x00,0x01,0xF8,0x00,0x01,0xF8,0x00,0x01,0xF8,0x00,0x01,0xF8,0x00,0x01,0xF8,0x00,0x01,0xF8,0x00,0x01,0xF8,0x00,0x01,0xF8,0x00,0x01,0xF8,0x00,0x01,0xF8,0x00,0x01,0xF8,0x00,0x01,0xF8,0x00,0x01,0xF8,0x00,0x01,0xF8,0x00,0x01,0xF8,0x00,0x01,0xF8,0x00,0x01,0xF8,0x00,0x01,0xF8,0x00,0x01,0xF8,0x00,0x01,0xF8,0x00,0x01,0xF8,0x00,0x01,0xF8,0x00,0x01,0xF8,0x00,0x01,0xF8,0x00,0x01,0xF8,0x00,0x01,0xF8,0x00,0x01,0xFC,0x00,0x00,0xFC,0x00,0x00,0xFF,0xF8,0x00,0xFF,0xF8,0x00,0x7F,0xF8,0x00,0x7F,0xF8,0x00,0x3F,0xF8,0x00,0x1F,0xF8,0x00,0x00,0x00,0x00,0x00,0x00,0x00,0x00,0x00,0x00,0x00,0x00,0x00,0x00,0x00,0x00,0x00,0x00,  // l
	0x00,0x00,0x00,0x00,0x00,0x00,0x00,0x00,0x00,0x00,0x00,0x00,0x00,0x00,0x00,0x00,0x00,0x00,0x00,0x00,0x00,0x00,0x00,0x00,0x00,0x00,0x00,0x00,0x00,0x00,0x00,0x00,0x00,0x00,0x00,0x00,0x00,0x00,0x00,0x00,0xF1,0xF0,0x7D,0xFB,0xF8,0x7F,0xFB,0xF8,0x7F,0xFF,0xFC,0x7F,0xFF,0xFC,0x7F,0xFF,0xFC,0x7E,0x7E,0x7C,0x7E,0x7E,0x7C,0x7C,0x7C,0x3C,0x7C,0x3C,0x3E,0x7C,0x7C,0x3E,0x7C,0x7C,0x3E,0x7C,0x7C,0x3E,0x7C,0x7C,0x3E,0x7C,0x7C,0x3E,0x7C,0x7C,0x3E,0x7C,0x7C,0x3E,0x7C,0x7C,0x3E,0x7C,0x7C,0x3E,0x7C,0x7C,0x3E,0x7C,0x7C,0x3E,0x7C,0x7C,0x3E,0x7C,0x7C,0x3E,0x7C,0x7C,0x3E,0x7C,0x7C,0x3E,0x7C,0x7C,0x3E,0x7C,0x7C,0x3E,0x7C,0x7C,0x3E,0x7C,0x3C,0x3C,0x00,0x00,0x00,0x00,0x00,0x00,0x00,0x00,0x00,0x00,0x00,0x00,0x00,0x00,0x00,0x00,0x00,0x00,  // m
	0x00,0x00,0x00,0x00,0x00,0x00,0x00,0x00,0x00,0x00,0x00,0x00,0x00,0x00,0x00,0x00,0x00,0x00,0x00,0x00,0x00,0x00,0x00,0x00,0x00,0x00,0x00,0x00,0x00,0x00,0x00,0x00,0x00,0x00,0x00,0x00,0x00,0x00,0x00,0x00,0x0F,0x80,0x1F,0x9F,0xC0,0x1F,0xBF,0xE0,0x1F,0xFF,0xF0,0x1F,0xFF,0xF0,0x1F,0xFF,0xF0,0x1F,0xE3,0xF8,0x1F,0xC3,0xF8,0x1F,0xC1,0xF8,0x1F,0x81,0xF8,0x1F,0x81,0xF8,0x1F,0x81,0xF8,0x1F,0x81,0xF8,0x1F,0x81,0xF8,0x1F,0x81,0xF8,0x1F,0x81,0xF8,0x1F,0x81,0xF8,0x1F,0x81,0xF8,0x1F,0x81,0xF8,0x1F,0x81,0xF8,0x1F,0x81,0xF8,0x1F,0x81,0xF8,0x1F,0x81,0xF8,0x1F,0x81,0xF8,0x1F,0x81,0xF8,0x1F,0x81,0xF8,0x1F,0x81,0xF8,0x1F,0x81,0xF8,0x1F,0x81,0xF8,0x00,0x00,0x00,0x00,0x00,0x00,0x00,0x00,0x00,0x00,0x00,0x00,0x00,0x00,0x00,0x00,0x00,0x00,  // n
	0x00,0x00,0x00,0x00,0x00,0x00,0x00,0x00,0x00,0x00,0x00,0x00,0x00,0x00,0x00,0x00,0x00,0x00,0x00,0x00,0x00,0x00,0x00,0x00,0x00,0x00,0x00,0x00,0x00,0x00,0x00,0x00,0x00,0x00,0x00,0x00,0x00,0x00,0x00,0x00,0xFE,0x00,0x01,0xFF,0x80,0x03,0xFF,0xC0,0x07,0xFF,0xE0,0x0F,0xFF,0xF0,0x0F,0xFF,0xF0,0x1F,0xC7,0xF8,0x1F,0x83,0xF8,0x3F,0x81,0xF8,0x3F,0x00,0xFC,0x3F,0x00,0xFC,0x3F,0x00,0xFC,0x3F,0x00,0xFC,0x3E,0x00,0xFC,0x3F,0x00,0xFC,0x3F,0x00,0xFC,0x3F,0x00,0xFC,0x3F,0x00,0xFC,0x3F,0x00,0xFC,0x3F,0x00,0xFC,0x3F,0x01,0xFC,0x3F,0x81,0xF8,0x1F,0x83,0xF8,0x1F,0xE7,0xF8,0x0F,0xFF,0xF0,0x0F,0xFF,0xF0,0x07,0xFF,0xE0,0x03,0xFF,0xC0,0x01,0xFF,0x80,0x00,0x7E,0x00,0x00,0x00,0x00,0x00,0x00,0x00,0x00,0x00,0x00,0x00,0x00,0x00,0x00,0x00,0x00,  // o

	0x00,0x00,0x00,0x00,0x00,0x00,0x00,0x00,0x00,0x00,0x00,0x00,0x00,0x00,0x00,0x00,0x00,0x00,0x00,0x00,0x00,0x00,0x00,0x00,0x00,0x00,0x00,0x00,0x00,0x00,0x00,0x00,0x00,0x00,0x00,0x00,0x00,0x00,0x00,0x00,0x0F,0x80,0x1F,0xBF,0xE0,0x1F,0x3F,0xF0,0x1F,0xFF,0xF0,0x1F,0xFF,0xF8,0x1F,0xF7,0xF8,0x1F,0xC1,0xFC,0x1F,0xC1,0xFC,0x1F,0x80,0xFC,0x1F,0x80,0xFC,0x1F,0x80,0xFC,0x1F,0x80,0xFC,0x1F,0x80,0xFC,0x1F,0x80,0xFC,0x1F,0x80,0xFC,0x1F,0x80,0xFC,0x1F,0x80,0xFC,0x1F,0x80,0xFC,0x1F,0xC1,0xFC,0x1F,0xC1,0xFC,0x1F,0xFF,0xF8,0x1F,0xFF,0xF8,0x1F,0xFF,0xF0,0x1F,0x3F,0xF0,0x1F,0xBF,0xE0,0x1F,0x9F,0x80,0x1F,0x80,0x00,0x1F,0x80,0x00,0x1F,0x80,0x00,0x1F,0x80,0x00,0x1F,0x80,0x00,0x1F,0x80,0x00,0x1F,0x80,0x00,0x1F,0x80,0x00,0x1F,0x80,0x00,  // p
	0x00,0x00,0x00,0x00,0x00,0x00,0x00,0x00,0x00,0x00,0x00,0x00,0x00,0x00,0x00,0x00,0x00,0x00,0x00,0x00,0x00,0x00,0x00,0x00,0x00,0x00,0x00,0x00,0x00,0x00,0x00,0x00,0x00,0x00,0x00,0x00,0x00,0x00,0x00,0x03,0xF0,0x00,0x07,0xF9,0xF8,0x0F,0xFD,0xF8,0x1F,0xFF,0xF8,0x1F,0xFF,0xF8,0x1F,0xCF,0xF8,0x3F,0x87,0xF8,0x3F,0x03,0xF8,0x3F,0x01,0xF8,0x3F,0x01,0xF8,0x7E,0x01,0xF8,0x7E,0x01,0xF8,0x7E,0x01,0xF8,0x7E,0x01,0xF8,0x7E,0x01,0xF8,0x7E,0x01,0xF8,0x3F,0x01,0xF8,0x3F,0x01,0xF8,0x3F,0x03,0xF8,0x3F,0x87,0xF8,0x3F,0xFF,0xF8,0x1F,0xFF,0xF8,0x1F,0xFF,0xF8,0x0F,0xFD,0xF8,0x07,0xF9,0xF8,0x01,0xF1,0xF8,0x00,0x01,0xF8,0x00,0x01,0xF8,0x00,0x01,0xF8,0x00,0x01,0xF8,0x00,0x01,0xF8,0x00,0x01,0xF8,0x00,0x01,0xF8,0x00,0x01,0xF8,0x00,0x01,0xF8,  // q
	0x00,0x00,0x00,0x00,0x00,0x00,0x00,0x00,0x00,0x00,0x00,0x00,0x00,0x00,0x00,0x00,0x00,0x00,0x00,0x00,0x00,0x00,0x00,0x00,0x00,0x00,0x00,0x00,0x00,0x00,0x00,0x00,0x00,0x00,0x00,0x00,0x00,0x00,0x00,0x00,0x01,0xF8,0x07,0xE7,0xFC,0x07,0xE7,0xFC,0x07,0xEF,0xFC,0x07,0xFF,0xFC,0x07,0xFF,0xFC,0x07,0xFF,0xFC,0x07,0xFC,0x06,0x07,0xF8,0x00,0x07,0xF0,0x00,0x07,0xF0,0x00,0x07,0xE0,0x00,0x07,0xE0,0x00,0x07,0xE0,0x00,0x07,0xE0,0x00,0x07,0xE0,0x00,0x07,0xE0,0x00,0x07,0xE0,0x00,0x07,0xE0,0x00,0x07,0xE0,0x00,0x07,0xE0,0x00,0x07,0xE0,0x00,0x07,0xE0,0x00,0x07,0xE0,0x00,0x07,0xE0,0x00,0x07,0xE0,0x00,0x07,0xE0,0x00,0x07,0xE0,0x00,0x07,0xE0,0x00,0x00,0x00,0x00,0x00,0x00,0x00,0x00,0x00,0x00,0x00,0x00,0x00,0x00,0x00,0x00,0x00,0x00,0x00,  // r
	0x00,0x00,0x00,0x00,0x00,0x00,0x00,0x00,0x00,0x00,0x00,0x00,0x00,0x00,0x00,0x00,0x00,0x00,0x00,0x00,0x00,0x00,0x00,0x00,0x00,0x00,0x00,0x00,0x00,0x00,0x00,0x00,0x00,0x00,0x00,0x00,0x00,0x00,0x00,0x00,0xFF,0x80,0x03,0xFF,0xE0,0x07,0xFF,0xE0,0x0F,0xFF,0xE0,0x0F,0xFF,0xE0,0x1F,0xFF,0xE0,0x1F,0x80,0x60,0x1F,0x80,0x20,0x1F,0x80,0x00,0x1F,0x80,0x00,0x1F,0xE0,0x00,0x1F,0xF8,0x00,0x0F,0xFF,0x00,0x0F,0xFF,0xC0,0x07,0xFF,0xE0,0x03,0xFF,0xF0,0x00,0xFF,0xF0,0x00,0x3F,0xF0,0x00,0x07,0xF8,0x00,0x01,0xF8,0x00,0x01,0xF8,0x00,0x01,0xF8,0x18,0x01,0xF8,0x1E,0x03,0xF8,0x1F,0xFF,0xF0,0x1F,0xFF,0xF0,0x1F,0xFF,0xF0,0x1F,0xFF,0xE0,0x0F,0xFF,0xC0,0x01,0xFE,0x00,0x00,0x00,0x00,0x00,0x00,0x00,0x00,0x00,0x00,0x00,0x00,0x00,0x00,0x00,0x00,  // s
	0x00,0x00,0x00,0x00,0x00,0x00,0x00,0x00,0x00,0x00,0x00,0x00,0x00,0x00,0x00,0x00,0x00,0x00,0x01,0xF8,0x00,0x01,0xF8,0x00,0x01,0xF8,0x00,0x01,0xF8,0x00,0x01,0xF8,0x00,0x01,0xF8,0x00,0x01,0xF8,0x00,0x01,0xFC,0x00,0x3F,0xFF,0xF8,0x3F,0xFF,0xF8,0x3F,0xFF,0xF8,0x3F,0xFF,0xF8,0x3F,0xFF,0xF8,0x1F,0xFF,0xF0,0x01,0xF8,0x00,0x01,0xF8,0x00,0x01,0xF8,0x00,0x01,0xF8,0x00,0x01,0xF8,0x00,0x01,0xF8,0x00,0x01,0xF8,0x00,0x01,0xF8,0x00,0x01,0xF8,0x00,0x01,0xF8,0x00,0x01,0xF8,0x00,0x01,0xF8,0x00,0x01,0xF8,0x00,0x01,0xF8,0x00,0x01,0xF8,0x00,0x00,0xFC,0x00,0x00,0xFF,0xF0,0x00,0xFF,0xF8,0x00,0xFF,0xF8,0x00,0x7F,0xF8,0x00,0x3F,0xF8,0x00,0x1F,0xF8,0x00,0x00,0x00,0x00,0x00,0x00,0x00,0x00,0x00,0x00,0x00,0x00,0x00,0x00,0x00,0x00,0x00,0x00,  // t
	0x00,0x00,0x00,0x00,0x00,0x00,0x00,0x00,0x00,0x00,0x00,0x00,0x00,0x00,0x00,0x00,0x00,0x00,0x00,0x00,0x00,0x00,0x00,0x00,0x00,0x00,0x00,0x00,0x00,0x00,0x00,0x00,0x00,0x00,0x00,0x00,0x00,0x00,0x00,0x00,0x00,0x00,0x1F,0x81,0xF8,0x1F,0x81,0xF8,0x1F,0x81,0xF8,0x1F,0x81,0xF8,0x1F,0x81,0xF8,0x1F,0x81,0xF8,0x1F,0x81,0xF8,0x1F,0x81,0xF8,0x1F,0x81,0xF8,0x1F,0x81,0xF8,0x1F,0x81,0xF8,0x1F,0x81,0xF8,0x1F,0x81,0xF8,0x1F,0x81,0xF8,0x1F,0x81,0xF8,0x1F,0x81,0xF8,0x1F,0x81,0xF8,0x1F,0x81,0xF8,0x1F,0x81,0xF8,0x1F,0x81,0xF8,0x1F,0x81,0xF8,0x1F,0xC3,0xF8,0x1F,0xE7,0xF8,0x0F,0xFF,0xF8,0x0F,0xFF,0xF8,0x0F,0xFF,0xF8,0x07,0xFD,0xF8,0x03,0xF9,0xF8,0x01,0xF0,0x00,0x00,0x00,0x00,0x00,0x00,0x00,0x00,0x00,0x00,0x00,0x00,0x00,0x00,0x00,0x00,  // u
	0x00,0x00,0x00,0x00,0x00,0x00,0x00,0x00,0x00,0x00,0x00,0x00,0x00,0x00,0x00,0x00,0x00,0x00,0x00,0x00,0x00,0x00,0x00,0x00,0x00,0x00,0x00,0x00,0x00,0x00,0x00,0x00,0x00,0x00,0x00,0x00,0x00,0x00,0x00,0x00,0x00,0x00,0x3F,0x00,0xFE,0x3F,0x00,0xFC,0x3F,0x00,0xFC,0x3F,0x00,0xFC,0x1F,0x00,0xFC,0x1F,0x81,0xF8,0x1F,0x81,0xF8,0x1F,0x81,0xF8,0x0F,0x81,0xF0,0x0F,0xC1,0xF0,0x0F,0xC3,0xF0,0x0F,0xC3,0xF0,0x07,0xC3,0xF0,0x07,0xC3,0xE0,0x07,0xE7,0xE0,0x07,0xE7,0xE0,0x03,0xE7,0xE0,0x03,0xE7,0xC0,0x03,0xE7,0xC0,0x03,0xF7,0xC0,0x01,0xFF,0xC0,0x01,0xFF,0x80,0x01,0xFF,0x80,0x01,0xFF,0x80,0x01,0xFF,0x80,0x00,0xFF,0x00,0x00,0xFF,0x00,0x00,0xFF,0x00,0x00,0x00,0x00,0x00,0x00,0x00,0x00,0x00,0x00,0x00,0x00,0x00,0x00,0x00,0x00,0x00,0x00,0x00,  // v
	0x00,0x00,0x00,0x00,0x00,0x00,0x00,0x00,0x00,0x00,0x00,0x00,0x00,0x00,0x00,0x00,0x00,0x00,0x00,0x00,0x00,0x00,0x00,0x00,0x00,0x00,0x00,0x00,0x00,0x00,0x00,0x00,0x00,0x00,0x00,0x00,0x00,0x00,0x00,0x00,0x00,0x00,0xF8,0x00,0x1F,0xF8,0x00,0x1F,0xF8,0x00,0x1F,0xF8,0x00,0x1F,0x78,0x00,0x1E,0x7C,0x00,0x3E,0x7C,0x00,0x3E,0x7C,0x3C,0x3E,0x7C,0x7E,0x3E,0x7C,0x7E,0x3E,0x7C,0x7E,0x3E,0x3C,0x7E,0x3E,0x3C,0x7E,0x3C,0x3E,0x7F,0x3C,0x3E,0xFF,0x7C,0x3E,0xFF,0x7C,0x3E,0xE7,0x7C,0x3E,0xE7,0x7C,0x1E,0xE7,0x7C,0x1F,0xE7,0xF8,0x1F,0xE7,0xF8,0x1F,0xE7,0xF8,0x1F,0xE3,0xF8,0x1F,0xC3,0xF8,0x1F,0xC3,0xF8,0x0F,0xC3,0xF8,0x0F,0xC3,0xF0,0x0F,0xC1,0xF0,0x00,0x00,0x00,0x00,0x00,0x00,0x00,0x00,0x00,0x00,0x00,0x00,0x00,0x00,0x00,0x00,0x00,0x00,  // w
	0x00,0x00,0x00,0x00,0x00,0x00,0x00,0x00,0x00,0x00,0x00,0x00,0x00,0x00,0x00,0x00,0x00,0x00,0x00,0x00,0x00,0x00,0x00,0x00,0x00,0x00,0x00,0x00,0x00,0x00,0x00,0x00,0x00,0x00,0x00,0x00,0x00,0x00,0x00,0x00,0x00,0x00,0x3F,0x81,0xFC,0x1F,0x81,0xFC,0x1F,0xC1,0xF8,0x0F,0xC3,0xF8,0x0F,0xE3,0xF0,0x07,0xE7,0xF0,0x07,0xE7,0xE0,0x03,0xFF,0xC0,0x03,0xFF,0xC0,0x01,0xFF,0x80,0x00,0xFF,0x80,0x00,0xFF,0x00,0x00,0x7F,0x00,0x00,0x7E,0x00,0x00,0x7F,0x00,0x00,0xFF,0x00,0x01,0xFF,0x80,0x01,0xFF,0xC0,0x03,0xFF,0xC0,0x03,0xF7,0xE0,0x07,0xE7,0xE0,0x07,0xE7,0xF0,0x0F,0xC3,0xF0,0x0F,0xC3,0xF8,0x1F,0xC1,0xF8,0x3F,0x81,0xFC,0x3F,0x80,0xFC,0x7F,0x00,0xFE,0x00,0x00,0x00,0x00,0x00,0x00,0x00,0x00,0x00,0x00,0x00,0x00,0x00,0x00,0x00,0x00,0x00,0x00,  // x
	0x00,0x00,0x00,0x00,0x00,0x00,0x00,0x00,0x00,0x00,0x00,0x00,0x00,0x00,0x00,0x00,0x00,0x00,0x00,0x00,0x00,0x00,0x00,0x00,0x00,0x00,0x00,0x00,0x00,0x00,0x00,0x00,0x00,0x00,0x00,0x00,0x00,0x00,0x00,0x00,0x00,0x00,0x7E,0x00,0x7E,0x3F,0x00,0xFE,0x3F,0x00,0xFC,0x3F,0x00,0xFC,0x1F,0x81,0xFC,0x1F,0x81,0xF8,0x1F,0x81,0xF8,0x0F,0xC1,0xF0,0x0F,0xC3,0xF0,0x0F,0xC3,0xF0,0x07,0xE3,0xE0,0x07,0xE7,0xE0,0x07,0xE7,0xE0,0x03,0xE7,0xE0,0x03,0xF7,0xC0,0x03,0xFF,0xC0,0x01,0xFF,0xC0,0x01,0xFF,0x80,0x00,0xFF,0x80,0x00,0xFF,0x80,0x00,0xFF,0x00,0x00,0x7F,0x00,0x00,0x7F,0x00,0x00,0x7E,0x00,0x00,0x7E,0x00,0x00,0x7E,0x00,0x00,0xFC,0x00,0x00,0xFC,0x00,0x01,0xFC,0x00,0x3F,0xF8,0x00,0x3F,0xF8,0x00,0x3F,0xF0,0x00,0x3F,0xE0,0x00,0x3F,0x80,0x00,  // y
	0x00,0x00,0x00,0x00,0x00,0x00,0x00,0x00,0x00,0x00,0x00,0x00,0x00,0x00,0x00,0x00,0x00,0x00,0x00,0x00,0x00,0x00,0x00,0x00,0x00,0x00,0x00,0x00,0x00,0x00,0x00,0x00,0x00,0x00,0x00,0x00,0x00,0x00,0x00,0x00,0x00,0x00,0x0F,0xFF,0xF8,0x0F,0xFF,0xF8,0x0F,0xFF,0xF8,0x0F,0xFF,0xF8,0x0F,0xFF,0xF8,0x0F,0xFB,0xF8,0x00,0x03,0xF8,0x00,0x07,0xF0,0x00,0x07,0xE0,0x00,0x0F,0xE0,0x00,0x1F,0xC0,0x00,0x1F,0x80,0x00,0x3F,0x80,0x00,0x7F,0x00,0x00,0xFE,0x00,0x00,0xFE,0x00,0x01,0xFC,0x00,0x03,0xF8,0x00,0x03,0xF8,0x00,0x07,0xF0,0x00,0x0F,0xE0,0x00,0x0F,0xC0,0x00,0x1F,0xFF,0xF8,0x1F,0xFF,0xF8,0x1F,0xFF,0xF8,0x1F,0xFF,0xF8,0x1F,0xFF,0xF8,0x1F,0xFF,0xF8,0x00,0x00,0x00,0x00,0x00,0x00,0x00,0x00,0x00,0x00,0x00,0x00,0x00,0x00,0x00,0x00,0x00,0x00,  // z
	0x00,0x00,0x00,0x00,0x00,0x00,0x00,0x00,0x00,0x00,0x0F,0xF8,0x00,0x1F,0xF8,0x00,0x3F,0xF8,0x00,0x3F,0xF8,0x00,0x3F,0x80,0x00,0x7E,0x00,0x00,0x7E,0x00,0x00,0x7E,0x00,0x00,0x7E,0x00,0x00,0x7E,0x00,0x00,0x7E,0x00,0x00,0x7E,0x00,0x00,0x7E,0x00,0x00,0x7E,0x00,0x00,0x7E,0x00,0x00,0x7E,0x00,0x00,0x7E,0x00,0x00,0xFC,0x00,0x03,0xFC,0x00,0x1F,0xF8,0x00,0x1F,0xF0,0x00,0x1F,0xF0,0x00,0x1F,0xFC,0x00,0x01,0xFC,0x00,0x00,0xFC,0x00,0x00,0x7E,0x00,0x00,0x7E,0x00,0x00,0x7E,0x00,0x00,0x7E,0x00,0x00,0x7E,0x00,0x00,0x7E,0x00,0x00,0x7E,0x00,0x00,0x7E,0x00,0x00,0x7E,0x00,0x00,0x7E,0x00,0x00,0x7E,0x00,0x00,0x7E,0x00,0x00,0x3F,0x00,0x00,0x3F,0xF8,0x00,0x3F,0xF8,0x00,0x1F,0xF8,0x00,0x0F,0xF8,0x00,0x00,0x00,0x00,0x00,0x00,0x00,0x00,0x00,  // {
		0x00,0x3C,0x00,0x00,0x3C,0x00,0x00,0x3C,0x00,0x00,0x3C,0x00,0x00,0x3C,0x00,0x00,0x3C,0x00,0x00,0x3C,0x00,0x00,0x3C,0x00,0x00,0x3C,0x00,0x00,0x3C,0x00,0x00,0x3C,0x00,0x00,0x3C,0x00,0x00,0x3C,0x00,0x00,0x3C,0x00,0x00,0x3C,0x00,0x00,0x3C,0x00,0x00,0x3C,0x00,0x00,0x3C,0x00,0x00,0x3C,0x00,0x00,0x3C,0x00,0x00,0x3C,0x00,0x00,0x3C,0x00,0x00,0x3C,0x00,0x00,0x3C,0x00,0x00,0x3C,0x00,0x00,0x3C,0x00,0x00,0x3C,0x00,0x00,0x3C,0x00,0x00,0x3C,0x00,0x00,0x3C,0x00,0x00,0x3C,0x00,0x00,0x3C,0x00,0x00,0x3C,0x00,0x00,0x3C,0x00,0x00,0x3C,0x00,0x00,0x3C,0x00,0x00,0x3C,0x00,0x00,0x3C,0x00,0x00,0x3C,0x00,0x00,0x3C,0x00,0x00,0x3C,0x00,0x00,0x3C,0x00,0x00,0x00,0x00,0x00,0x00,0x00,0x00,0x00,0x00,0x00,0x00,0x00,0x00,0x00,0x00,0x00,0x00,0x00,  // |
	0x00,0x00,0x00,0x00,0x00,0x00,0x00,0x00,0x00,0x1F,0xF0,0x00,0x1F,0xF8,0x00,0x1F,0xFC,0x00,0x1F,0xFC,0x00,0x01,0xFE,0x00,0x00,0x7E,0x00,0x00,0x7E,0x00,0x00,0x7E,0x00,0x00,0x7E,0x00,0x00,0x7E,0x00,0x00,0x7E,0x00,0x00,0x7E,0x00,0x00,0x7E,0x00,0x00,0x7E,0x00,0x00,0x7E,0x00,0x00,0x7E,0x00,0x00,0x7E,0x00,0x00,0x3F,0x00,0x00,0x3F,0xC0,0x00,0x1F,0xF8,0x00,0x0F,0xF8,0x00,0x0F,0xF8,0x00,0x1F,0xF8,0x00,0x3F,0x80,0x00,0x3F,0x00,0x00,0x7E,0x00,0x00,0x7E,0x00,0x00,0x7E,0x00,0x00,0x7E,0x00,0x00,0x7E,0x00,0x00,0x7E,0x00,0x00,0x7E,0x00,0x00,0x7E,0x00,0x00,0x7E,0x00,0x00,0x7E,0x00,0x00,0x7E,0x00,0x00,0x7E,0x00,0x00,0xFE,0x00,0x0F,0xFC,0x00,0x1F,0xFC,0x00,0x1F,0xF8,0x00,0x1F,0xF0,0x00,0x00,0x00,0x00,0x00,0x00,0x00,0x00,0x00,0x00,  // }
	0x00,0x00,0x00,0x00,0x00,0x00,0x00,0x00,0x00,0x00,0x00,0x00,0x00,0x00,0x00,0x00,0x00,0x00,0x00,0x00,0x00,0x00,0x00,0x00,0x00,0x00,0x00,0x00,0x00,0x00,0x00,0x00,0x00,0x00,0x00,0x00,0x00,0x00,0x00,0x00,0x00,0x00,0x00,0x00,0x00,0x03,0x00,0x00,0x0F,0xC0,0x00,0x1F,0xE0,0x00,0x3F,0xF0,0x00,0x3F,0xF0,0x0C,0x7F,0xF8,0x0E,0x7C,0xF8,0x1F,0x78,0x7C,0x1F,0xF8,0x3E,0x1E,0xF0,0x3F,0x3E,0x70,0x1F,0xFC,0x30,0x1F,0xFC,0x00,0x0F,0xF8,0x00,0x07,0xF0,0x00,0x03,0xE0,0x00,0x00,0xC0,0x00,0x00,0x00,0x00,0x00,0x00,0x00,0x00,0x00,0x00,0x00,0x00,0x00,0x00,0x00,0x00,0x00,0x00,0x00,0x00,0x00,0x00,0x00,0x00,0x00,0x00,0x00,0x00,0x00,0x00,0x00,0x00,0x00,0x00,0x00,0x00,0x00,0x00,0x00,0x00,0x00,0x00,0x00,0x00,0x00,0x00,0x00,0x00,0x00,0x00,0x00,  // ~
};


const uint8_t SevenSegment96x144Num[17284] PROGMEM={
	0x60,0x90,0x30,0x0A,
	0x00,0x00,0x00,0x00,0x00,0x00,0x00,0x00,0x00,0x00,0x00,0x00,0x00,0x00,0x00,0x00,0x00,0x00,0x00,0x00,0x00,0x00,0x00,0x00,0x00,0x00,0x00,0x00,0x00,0x00,0x00,0x00,0x00,0x00,0x00,0x00,0x00,0x00,0x00,0x00,0x00,0x00,0x00,0x00,0x00,0x00,0x00,0x00,0x00,0x00,0x00,0x00,0x00,0x00,0x00,0x00,0x00,0x00,0x00,0x00,0x00,0x00,0xFF,0xFF,0xFF,0xFF,0xFF,0xFF,0xFF,0xFC,0x00,0x00,0x00,0x01,0xFF,0xFF,0xFF,0xFF,0xFF,0xFF,0xFF,0xFE,0x00,0x00,0x00,0x03,0xFF,0xFF,0xFF,0xFF,0xFF,0xFF,0xFF,0xFF,0x00,0x00,0x00,0x07,0xFF,0xFF,0xFF,0xFF,0xFF,0xFF,0xFF,0xFF,0x80,0x00,0x00,0x0F,0xFF,0xFF,0xFF,0xFF,0xFF,0xFF,0xFF,0xFF,0xC0,0x00,0x00,0x1F,0xFF,0xFF,0xFF,0xFF,0xFF,0xFF,0xFF,0xFF,0xE0,0x00,0x00,0x0F,0xFF,0xFF,0xFF,0xFF,0xFF,0xFF,0xFF,0xFF,0xC0,0x00,0x00,0x07,0xFF,0xFF,0xFF,0xFF,0xFF,0xFF,0xFF,0xFF,0x80,0x00,0x00,0x43,0xFF,0xFF,0xFF,0xFF,0xFF,0xFF,0xFF,0xFF,0x08,0x00,0x00,0xE1,0xFF,0xFF,0xFF,0xFF,0xFF,0xFF,0xFF,0xFE,0x1C,0x00,0x01,0xF0,0xFF,0xFF,0xFF,0xFF,0xFF,0xFF,0xFF,0xFC,0x3E,0x00,0x03,0xF8,0x00,0x00,0x00,0x00,0x00,0x00,0x00,0x00,0x7F,0x00,0x07,0xFC,0x00,0x00,0x00,0x00,0x00,0x00,0x00,0x00,0xFF,0x80,0x0F,0xFC,0x00,0x00,0x00,0x00,0x00,0x00,0x00,0x00,0xFF,0xC0,0x0F,0xFC,0x00,0x00,0x00,0x00,0x00,0x00,0x00,0x00,0xFF,0xC0,0x0F,0xFC,0x00,0x00,0x00,0x00,0x00,0x00,0x00,0x00,0xFF,0xC0,0x0F,0xFC,0x00,0x00,0x00,0x00,0x00,0x00,0x00,0x00,0xFF,0xC0,0x0F,0xFC,0x00,0x00,0x00,0x00,0x00,0x00,0x00,0x00,0xFF,0xC0,0x0F,0xFC,0x00,0x00,0x00,0x00,0x00,0x00,0x00,0x00,0xFF,0xC0,0x0F,0xFC,0x00,0x00,0x00,0x00,0x00,0x00,0x00,0x00,0xFF,0xC0,0x0F,0xFC,0x00,0x00,0x00,0x00,0x00,0x00,0x00,0x00,0xFF,0xC0,0x0F,0xFC,0x00,0x00,0x00,0x00,0x00,0x00,0x00,0x00,0xFF,0xC0,0x0F,0xFC,0x00,0x00,0x00,0x00,0x00,0x00,0x00,0x00,0xFF,0xC0,0x0F,0xFC,0x00,0x00,0x00,0x00,0x00,0x00,0x00,0x00,0xFF,0xC0,0x0F,0xFC,0x00,0x00,0x00,0x00,0x00,0x00,0x00,0x00,0xFF,0xC0,0x0F,0xFC,0x00,0x00,0x00,0x00,0x00,0x00,0x00,0x00,0xFF,0xC0,0x0F,0xFC,0x00,0x00,0x00,0x00,0x00,0x00,0x00,0x00,0xFF,0xC0,0x0F,0xFC,0x00,0x00,0x00,0x00,0x00,0x00,0x00,0x00,0xFF,0xC0,0x0F,0xFC,0x00,0x00,0x00,0x00,0x00,0x00,0x00,0x00,0xFF,0xC0,0x0F,0xFC,0x00,0x00,0x00,0x00,0x00,0x00,0x00,0x00,0xFF,0xC0,0x0F,0xFC,0x00,0x00,0x00,0x00,0x00,0x00,0x00,0x00,0xFF,0xC0,0x0F,0xFC,0x00,0x00,0x00,0x00,0x00,0x00,0x00,0x00,0xFF,0xC0,0x0F,0xFC,0x00,0x00,0x00,0x00,0x00,0x00,0x00,0x00,0xFF,0xC0,0x0F,0xFC,0x00,0x00,0x00,0x00,0x00,0x00,0x00,0x00,0xFF,0xC0,0x0F,0xFC,0x00,0x00,0x00,0x00,0x00,0x00,0x00,0x00,0xFF,0xC0,0x0F,0xFC,0x00,0x00,0x00,0x00,0x00,0x00,0x00,0x00,0xFF,0xC0,0x0F,0xFC,0x00,0x00,0x00,0x00,0x00,0x00,0x00,0x00,0xFF,0xC0,0x0F,0xFC,0x00,0x00,0x00,0x00,0x00,0x00,0x00,0x00,0xFF,0xC0,0x0F,0xFC,0x00,0x00,0x00,0x00,0x00,0x00,0x00,0x00,0xFF,0xC0,0x0F,0xFC,0x00,0x00,0x00,0x00,0x00,0x00,0x00,0x00,0xFF,0xC0,0x0F,0xFC,0x00,0x00,0x00,0x00,0x00,0x00,0x00,0x00,0xFF,0xC0,0x0F,0xFC,0x00,0x00,0x00,0x00,0x00,0x00,0x00,0x00,0xFF,0xC0,0x0F,0xFC,0x00,0x00,0x00,0x00,0x00,0x00,0x00,0x00,0xFF,0xC0,0x0F,0xFC,0x00,0x00,0x00,0x00,0x00,0x00,0x00,0x00,0xFF,0xC0,0x0F,0xFC,0x00,0x00,0x00,0x00,0x00,0x00,0x00,0x00,0xFF,0xC0,0x0F,0xFC,0x00,0x00,0x00,0x00,0x00,0x00,0x00,0x00,0xFF,0xC0,0x0F,0xFC,0x00,0x00,0x00,0x00,0x00,0x00,0x00,0x00,0xFF,0xC0,0x0F,0xFC,0x00,0x00,0x00,0x00,0x00,0x00,0x00,0x00,0xFF,0xC0,0x0F,0xFC,0x00,0x00,0x00,0x00,0x00,0x00,0x00,0x00,0xFF,0xC0,0x0F,0xFC,0x00,0x00,0x00,0x00,0x00,0x00,0x00,0x00,0xFF,0xC0,0x0F,0xFC,0x00,0x00,0x00,0x00,0x00,0x00,0x00,0x00,0xFF,0xC0,0x0F,0xFC,0x00,0x00,0x00,0x00,0x00,0x00,0x00,0x00,0xFF,0xC0,0x0F,0xFC,0x00,0x00,0x00,0x00,0x00,0x00,0x00,0x00,0xFF,0xC0,0x0F,0xFC,0x00,0x00,0x00,0x00,0x00,0x00,0x00,0x00,0xFF,0xC0,0x0F,0xFC,0x00,0x00,0x00,0x00,0x00,0x00,0x00,0x00,0xFF,0xC0,0x0F,0xFC,0x00,0x00,0x00,0x00,0x00,0x00,0x00,0x00,0xFF,0xC0,0x0F,0xFC,0x00,0x00,0x00,0x00,0x00,0x00,0x00,0x00,0xFF,0xC0,0x0F,0xFC,0x00,0x00,0x00,0x00,0x00,0x00,0x00,0x00,0xFF,0xC0,0x0F,0xFC,0x00,0x00,0x00,0x00,0x00,0x00,0x00,0x00,0xFF,0xC0,0x0F,0xFC,0x00,0x00,0x00,0x00,0x00,0x00,0x00,0x00,0xFF,0xC0,0x07,0xF8,0x00,0x00,0x00,0x00,0x00,0x00,0x00,0x00,0x7F,0x80,0x03,0xF0,0x00,0x00,0x00,0x00,0x00,0x00,0x00,0x00,0x3F,0x00,0x01,0xE0,0x00,0x00,0x00,0x00,0x00,0x00,0x00,0x00,0x1E,0x00,0x00,0xC0,0x00,0x00,0x00,0x00,0x00,0x00,0x00,0x00,0x0C,0x00,0x00,0x00,0x00,0x00,0x00,0x00,0x00,0x00,0x00,0x00,0x00,0x00,0x00,0x00,0x00,0x00,0x00,0x00,0x00,0x00,0x00,0x00,0x00,0x00,0x00,0x00,0x00,0x00,0x00,0x00,0x00,0x00,0x00,0x00,0x00,0x00,0x00,0x00,0x00,0x00,0x00,0x00,0x00,0x00,0x00,0x00,0x00,0x00,0x00,0x00,0x00,0x00,0x00,0x00,0x00,0x00,0x00,0x00,0x00,0x00,0x00,0x00,0x00,0x00,0x00,0x00,0x00,0x00,0x00,0x00,0x00,0x00,0x00,0xC0,0x00,0x00,0x00,0x00,0x00,0x00,0x00,0x00,0x0C,0x00,0x01,0xE0,0x00,0x00,0x00,0x00,0x00,0x00,0x00,0x00,0x1E,0x00,0x03,0xF0,0x00,0x00,0x00,0x00,0x00,0x00,0x00,0x00,0x3F,0x00,0x07,0xF8,0x00,0x00,0x00,0x00,0x00,0x00,0x00,0x00,0x7F,0x80,0x0F,0xFC,0x00,0x00,0x00,0x00,0x00,0x00,0x00,0x00,0xFF,0xC0,0x0F,0xFC,0x00,0x00,0x00,0x00,0x00,0x00,0x00,0x00,0xFF,0xC0,0x0F,0xFC,0x00,0x00,0x00,0x00,0x00,0x00,0x00,0x00,0xFF,0xC0,0x0F,0xFC,0x00,0x00,0x00,0x00,0x00,0x00,0x00,0x00,0xFF,0xC0,0x0F,0xFC,0x00,0x00,0x00,0x00,0x00,0x00,0x00,0x00,0xFF,0xC0,0x0F,0xFC,0x00,0x00,0x00,0x00,0x00,0x00,0x00,0x00,0xFF,0xC0,0x0F,0xFC,0x00,0x00,0x00,0x00,0x00,0x00,0x00,0x00,0xFF,0xC0,0x0F,0xFC,0x00,0x00,0x00,0x00,0x00,0x00,0x00,0x00,0xFF,0xC0,0x0F,0xFC,0x00,0x00,0x00,0x00,0x00,0x00,0x00,0x00,0xFF,0xC0,0x0F,0xFC,0x00,0x00,0x00,0x00,0x00,0x00,0x00,0x00,0xFF,0xC0,0x0F,0xFC,0x00,0x00,0x00,0x00,0x00,0x00,0x00,0x00,0xFF,0xC0,0x0F,0xFC,0x00,0x00,0x00,0x00,0x00,0x00,0x00,0x00,0xFF,0xC0,0x0F,0xFC,0x00,0x00,0x00,0x00,0x00,0x00,0x00,0x00,0xFF,0xC0,0x0F,0xFC,0x00,0x00,0x00,0x00,0x00,0x00,0x00,0x00,0xFF,0xC0,0x0F,0xFC,0x00,0x00,0x00,0x00,0x00,0x00,0x00,0x00,0xFF,0xC0,0x0F,0xFC,0x00,0x00,0x00,0x00,0x00,0x00,0x00,0x00,0xFF,0xC0,0x0F,0xFC,0x00,0x00,0x00,0x00,0x00,0x00,0x00,0x00,0xFF,0xC0,0x0F,0xFC,0x00,0x00,0x00,0x00,0x00,0x00,0x00,0x00,0xFF,0xC0,0x0F,0xFC,0x00,0x00,0x00,0x00,0x00,0x00,0x00,0x00,0xFF,0xC0,0x0F,0xFC,0x00,0x00,0x00,0x00,0x00,0x00,0x00,0x00,0xFF,0xC0,0x0F,0xFC,0x00,0x00,0x00,0x00,0x00,0x00,0x00,0x00,0xFF,0xC0,0x0F,0xFC,0x00,0x00,0x00,0x00,0x00,0x00,0x00,0x00,0xFF,0xC0,0x0F,0xFC,0x00,0x00,0x00,0x00,0x00,0x00,0x00,0x00,0xFF,0xC0,0x0F,0xFC,0x00,0x00,0x00,0x00,0x00,0x00,0x00,0x00,0xFF,0xC0,0x0F,0xFC,0x00,0x00,0x00,0x00,0x00,0x00,0x00,0x00,0xFF,0xC0,0x0F,0xFC,0x00,0x00,0x00,0x00,0x00,0x00,0x00,0x00,0xFF,0xC0,0x0F,0xFC,0x00,0x00,0x00,0x00,0x00,0x00,0x00,0x00,0xFF,0xC0,0x0F,0xFC,0x00,0x00,0x00,0x00,0x00,0x00,0x00,0x00,0xFF,0xC0,0x0F,0xFC,0x00,0x00,0x00,0x00,0x00,0x00,0x00,0x00,0xFF,0xC0,0x0F,0xFC,0x00,0x00,0x00,0x00,0x00,0x00,0x00,0x00,0xFF,0xC0,0x0F,0xFC,0x00,0x00,0x00,0x00,0x00,0x00,0x00,0x00,0xFF,0xC0,0x0F,0xFC,0x00,0x00,0x00,0x00,0x00,0x00,0x00,0x00,0xFF,0xC0,0x0F,0xFC,0x00,0x00,0x00,0x00,0x00,0x00,0x00,0x00,0xFF,0xC0,0x0F,0xFC,0x00,0x00,0x00,0x00,0x00,0x00,0x00,0x00,0xFF,0xC0,0x0F,0xFC,0x00,0x00,0x00,0x00,0x00,0x00,0x00,0x00,0xFF,0xC0,0x0F,0xFC,0x00,0x00,0x00,0x00,0x00,0x00,0x00,0x00,0xFF,0xC0,0x0F,0xFC,0x00,0x00,0x00,0x00,0x00,0x00,0x00,0x00,0xFF,0xC0,0x0F,0xFC,0x00,0x00,0x00,0x00,0x00,0x00,0x00,0x00,0xFF,0xC0,0x0F,0xFC,0x00,0x00,0x00,0x00,0x00,0x00,0x00,0x00,0xFF,0xC0,0x0F,0xFC,0x00,0x00,0x00,0x00,0x00,0x00,0x00,0x00,0xFF,0xC0,0x0F,0xFC,0x00,0x00,0x00,0x00,0x00,0x00,0x00,0x00,0xFF,0xC0,0x0F,0xFC,0x00,0x00,0x00,0x00,0x00,0x00,0x00,0x00,0xFF,0xC0,0x0F,0xFC,0x00,0x00,0x00,0x00,0x00,0x00,0x00,0x00,0xFF,0xC0,0x0F,0xFC,0x00,0x00,0x00,0x00,0x00,0x00,0x00,0x00,0xFF,0xC0,0x0F,0xFC,0x00,0x00,0x00,0x00,0x00,0x00,0x00,0x00,0xFF,0xC0,0x0F,0xFC,0x00,0x00,0x00,0x00,0x00,0x00,0x00,0x00,0xFF,0xC0,0x0F,0xFC,0x00,0x00,0x00,0x00,0x00,0x00,0x00,0x00,0xFF,0xC0,0x07,0xFC,0x00,0x00,0x00,0x00,0x00,0x00,0x00,0x00,0xFF,0x80,0x03,0xF8,0x00,0x00,0x00,0x00,0x00,0x00,0x00,0x00,0x7F,0x00,0x01,0xF0,0xFF,0xFF,0xFF,0xFF,0xFF,0xFF,0xFF,0xFC,0x3E,0x00,0x00,0xE1,0xFF,0xFF,0xFF,0xFF,0xFF,0xFF,0xFF,0xFE,0x1C,0x00,0x00,0x43,0xFF,0xFF,0xFF,0xFF,0xFF,0xFF,0xFF,0xFF,0x08,0x00,0x00,0x07,0xFF,0xFF,0xFF,0xFF,0xFF,0xFF,0xFF,0xFF,0x80,0x00,0x00,0x0F,0xFF,0xFF,0xFF,0xFF,0xFF,0xFF,0xFF,0xFF,0xC0,0x00,0x00,0x1F,0xFF,0xFF,0xFF,0xFF,0xFF,0xFF,0xFF,0xFF,0xE0,0x00,0x00,0x0F,0xFF,0xFF,0xFF,0xFF,0xFF,0xFF,0xFF,0xFF,0xC0,0x00,0x00,0x07,0xFF,0xFF,0xFF,0xFF,0xFF,0xFF,0xFF,0xFF,0x80,0x00,0x00,0x03,0xFF,0xFF,0xFF,0xFF,0xFF,0xFF,0xFF,0xFF,0x00,0x00,0x00,0x01,0xFF,0xFF,0xFF,0xFF,0xFF,0xFF,0xFF,0xFE,0x00,0x00,0x00,0x00,0xFF,0xFF,0xFF,0xFF,0xFF,0xFF,0xFF,0xFC,0x00,0x00,0x00,0x00,0x00,0x00,0x00,0x00,0x00,0x00,0x00,0x00,0x00,0x00,0x00,0x00,0x00,0x00,0x00,0x00,0x00,0x00,0x00,0x00,0x00,0x00,0x00,0x00,0x00,0x00,0x00,0x00,0x00,0x00,0x00,0x00,0x00,0x00,0x00,0x00,0x00,0x00,0x00,0x00,0x00,0x00,0x00,0x00,0x00,0x00,0x00,0x00,0x00,0x00,0x00,0x00,0x00,0x00,0x00,0x00,0x00,0x00,  // 0
	0x00,0x00,0x00,0x00,0x00,0x00,0x00,0x00,0x00,0x00,0x00,0x00,0x00,0x00,0x00,0x00,0x00,0x00,0x00,0x00,0x00,0x00,0x00,0x00,0x00,0x00,0x00,0x00,0x00,0x00,0x00,0x00,0x00,0x00,0x00,0x00,0x00,0x00,0x00,0x00,0x00,0x00,0x00,0x00,0x00,0x00,0x00,0x00,0x00,0x00,0x00,0x00,0x00,0x00,0x00,0x00,0x00,0x00,0x00,0x00,0x00,0x00,0x00,0x00,0x00,0x00,0x00,0x00,0x00,0x00,0x00,0x00,0x00,0x00,0x00,0x00,0x00,0x00,0x00,0x00,0x00,0x00,0x00,0x00,0x00,0x00,0x00,0x00,0x00,0x00,0x00,0x00,0x00,0x00,0x00,0x00,0x00,0x00,0x00,0x00,0x00,0x00,0x00,0x00,0x00,0x00,0x00,0x00,0x00,0x00,0x00,0x00,0x00,0x00,0x00,0x00,0x00,0x00,0x00,0x00,0x00,0x00,0x00,0x00,0x00,0x00,0x00,0x00,0x00,0x00,0x00,0x00,0x00,0x00,0x00,0x00,0x00,0x00,0x00,0x00,0x00,0x00,0x00,0x00,0x00,0x00,0x00,0x00,0x00,0x00,0x00,0x00,0x00,0x00,0x00,0x00,0x00,0x00,0x00,0x00,0x00,0x00,0x00,0x00,0x00,0x00,0x08,0x00,0x00,0x00,0x00,0x00,0x00,0x00,0x00,0x00,0x00,0x00,0x1C,0x00,0x00,0x00,0x00,0x00,0x00,0x00,0x00,0x00,0x00,0x00,0x3E,0x00,0x00,0x00,0x00,0x00,0x00,0x00,0x00,0x00,0x00,0x00,0x7F,0x00,0x00,0x00,0x00,0x00,0x00,0x00,0x00,0x00,0x00,0x00,0xFF,0x80,0x00,0x00,0x00,0x00,0x00,0x00,0x00,0x00,0x00,0x00,0xFF,0xC0,0x00,0x00,0x00,0x00,0x00,0x00,0x00,0x00,0x00,0x00,0xFF,0xC0,0x00,0x00,0x00,0x00,0x00,0x00,0x00,0x00,0x00,0x00,0xFF,0xC0,0x00,0x00,0x00,0x00,0x00,0x00,0x00,0x00,0x00,0x00,0xFF,0xC0,0x00,0x00,0x00,0x00,0x00,0x00,0x00,0x00,0x00,0x00,0xFF,0xC0,0x00,0x00,0x00,0x00,0x00,0x00,0x00,0x00,0x00,0x00,0xFF,0xC0,0x00,0x00,0x00,0x00,0x00,0x00,0x00,0x00,0x00,0x00,0xFF,0xC0,0x00,0x00,0x00,0x00,0x00,0x00,0x00,0x00,0x00,0x00,0xFF,0xC0,0x00,0x00,0x00,0x00,0x00,0x00,0x00,0x00,0x00,0x00,0xFF,0xC0,0x00,0x00,0x00,0x00,0x00,0x00,0x00,0x00,0x00,0x00,0xFF,0xC0,0x00,0x00,0x00,0x00,0x00,0x00,0x00,0x00,0x00,0x00,0xFF,0xC0,0x00,0x00,0x00,0x00,0x00,0x00,0x00,0x00,0x00,0x00,0xFF,0xC0,0x00,0x00,0x00,0x00,0x00,0x00,0x00,0x00,0x00,0x00,0xFF,0xC0,0x00,0x00,0x00,0x00,0x00,0x00,0x00,0x00,0x00,0x00,0xFF,0xC0,0x00,0x00,0x00,0x00,0x00,0x00,0x00,0x00,0x00,0x00,0xFF,0xC0,0x00,0x00,0x00,0x00,0x00,0x00,0x00,0x00,0x00,0x00,0xFF,0xC0,0x00,0x00,0x00,0x00,0x00,0x00,0x00,0x00,0x00,0x00,0xFF,0xC0,0x00,0x00,0x00,0x00,0x00,0x00,0x00,0x00,0x00,0x00,0xFF,0xC0,0x00,0x00,0x00,0x00,0x00,0x00,0x00,0x00,0x00,0x00,0xFF,0xC0,0x00,0x00,0x00,0x00,0x00,0x00,0x00,0x00,0x00,0x00,0xFF,0xC0,0x00,0x00,0x00,0x00,0x00,0x00,0x00,0x00,0x00,0x00,0xFF,0xC0,0x00,0x00,0x00,0x00,0x00,0x00,0x00,0x00,0x00,0x00,0xFF,0xC0,0x00,0x00,0x00,0x00,0x00,0x00,0x00,0x00,0x00,0x00,0xFF,0xC0,0x00,0x00,0x00,0x00,0x00,0x00,0x00,0x00,0x00,0x00,0xFF,0xC0,0x00,0x00,0x00,0x00,0x00,0x00,0x00,0x00,0x00,0x00,0xFF,0xC0,0x00,0x00,0x00,0x00,0x00,0x00,0x00,0x00,0x00,0x00,0xFF,0xC0,0x00,0x00,0x00,0x00,0x00,0x00,0x00,0x00,0x00,0x00,0xFF,0xC0,0x00,0x00,0x00,0x00,0x00,0x00,0x00,0x00,0x00,0x00,0xFF,0xC0,0x00,0x00,0x00,0x00,0x00,0x00,0x00,0x00,0x00,0x00,0xFF,0xC0,0x00,0x00,0x00,0x00,0x00,0x00,0x00,0x00,0x00,0x00,0xFF,0xC0,0x00,0x00,0x00,0x00,0x00,0x00,0x00,0x00,0x00,0x00,0xFF,0xC0,0x00,0x00,0x00,0x00,0x00,0x00,0x00,0x00,0x00,0x00,0xFF,0xC0,0x00,0x00,0x00,0x00,0x00,0x00,0x00,0x00,0x00,0x00,0xFF,0xC0,0x00,0x00,0x00,0x00,0x00,0x00,0x00,0x00,0x00,0x00,0xFF,0xC0,0x00,0x00,0x00,0x00,0x00,0x00,0x00,0x00,0x00,0x00,0xFF,0xC0,0x00,0x00,0x00,0x00,0x00,0x00,0x00,0x00,0x00,0x00,0xFF,0xC0,0x00,0x00,0x00,0x00,0x00,0x00,0x00,0x00,0x00,0x00,0xFF,0xC0,0x00,0x00,0x00,0x00,0x00,0x00,0x00,0x00,0x00,0x00,0xFF,0xC0,0x00,0x00,0x00,0x00,0x00,0x00,0x00,0x00,0x00,0x00,0xFF,0xC0,0x00,0x00,0x00,0x00,0x00,0x00,0x00,0x00,0x00,0x00,0xFF,0xC0,0x00,0x00,0x00,0x00,0x00,0x00,0x00,0x00,0x00,0x00,0xFF,0xC0,0x00,0x00,0x00,0x00,0x00,0x00,0x00,0x00,0x00,0x00,0xFF,0xC0,0x00,0x00,0x00,0x00,0x00,0x00,0x00,0x00,0x00,0x00,0xFF,0xC0,0x00,0x00,0x00,0x00,0x00,0x00,0x00,0x00,0x00,0x00,0xFF,0xC0,0x00,0x00,0x00,0x00,0x00,0x00,0x00,0x00,0x00,0x00,0xFF,0xC0,0x00,0x00,0x00,0x00,0x00,0x00,0x00,0x00,0x00,0x00,0xFF,0xC0,0x00,0x00,0x00,0x00,0x00,0x00,0x00,0x00,0x00,0x00,0xFF,0xC0,0x00,0x00,0x00,0x00,0x00,0x00,0x00,0x00,0x00,0x00,0x7F,0x80,0x00,0x00,0x00,0x00,0x00,0x00,0x00,0x00,0x00,0x00,0x3F,0x00,0x00,0x00,0x00,0x00,0x00,0x00,0x00,0x00,0x00,0x00,0x1E,0x00,0x00,0x00,0x00,0x00,0x00,0x00,0x00,0x00,0x00,0x00,0x0C,0x00,0x00,0x00,0x00,0x00,0x00,0x00,0x00,0x00,0x00,0x00,0x00,0x00,0x00,0x00,0x00,0x00,0x00,0x00,0x00,0x00,0x00,0x00,0x00,0x00,0x00,0x00,0x00,0x00,0x00,0x00,0x00,0x00,0x00,0x00,0x00,0x00,0x00,0x00,0x00,0x00,0x00,0x00,0x00,0x00,0x00,0x00,0x00,0x00,0x00,0x00,0x00,0x00,0x00,0x00,0x00,0x00,0x00,0x00,0x00,0x00,0x00,0x00,0x00,0x00,0x00,0x00,0x00,0x00,0x00,0x00,0x00,0x00,0x00,0x00,0x00,0x00,0x00,0x00,0x00,0x00,0x00,0x00,0x0C,0x00,0x00,0x00,0x00,0x00,0x00,0x00,0x00,0x00,0x00,0x00,0x1E,0x00,0x00,0x00,0x00,0x00,0x00,0x00,0x00,0x00,0x00,0x00,0x3F,0x00,0x00,0x00,0x00,0x00,0x00,0x00,0x00,0x00,0x00,0x00,0x7F,0x80,0x00,0x00,0x00,0x00,0x00,0x00,0x00,0x00,0x00,0x00,0xFF,0xC0,0x00,0x00,0x00,0x00,0x00,0x00,0x00,0x00,0x00,0x00,0xFF,0xC0,0x00,0x00,0x00,0x00,0x00,0x00,0x00,0x00,0x00,0x00,0xFF,0xC0,0x00,0x00,0x00,0x00,0x00,0x00,0x00,0x00,0x00,0x00,0xFF,0xC0,0x00,0x00,0x00,0x00,0x00,0x00,0x00,0x00,0x00,0x00,0xFF,0xC0,0x00,0x00,0x00,0x00,0x00,0x00,0x00,0x00,0x00,0x00,0xFF,0xC0,0x00,0x00,0x00,0x00,0x00,0x00,0x00,0x00,0x00,0x00,0xFF,0xC0,0x00,0x00,0x00,0x00,0x00,0x00,0x00,0x00,0x00,0x00,0xFF,0xC0,0x00,0x00,0x00,0x00,0x00,0x00,0x00,0x00,0x00,0x00,0xFF,0xC0,0x00,0x00,0x00,0x00,0x00,0x00,0x00,0x00,0x00,0x00,0xFF,0xC0,0x00,0x00,0x00,0x00,0x00,0x00,0x00,0x00,0x00,0x00,0xFF,0xC0,0x00,0x00,0x00,0x00,0x00,0x00,0x00,0x00,0x00,0x00,0xFF,0xC0,0x00,0x00,0x00,0x00,0x00,0x00,0x00,0x00,0x00,0x00,0xFF,0xC0,0x00,0x00,0x00,0x00,0x00,0x00,0x00,0x00,0x00,0x00,0xFF,0xC0,0x00,0x00,0x00,0x00,0x00,0x00,0x00,0x00,0x00,0x00,0xFF,0xC0,0x00,0x00,0x00,0x00,0x00,0x00,0x00,0x00,0x00,0x00,0xFF,0xC0,0x00,0x00,0x00,0x00,0x00,0x00,0x00,0x00,0x00,0x00,0xFF,0xC0,0x00,0x00,0x00,0x00,0x00,0x00,0x00,0x00,0x00,0x00,0xFF,0xC0,0x00,0x00,0x00,0x00,0x00,0x00,0x00,0x00,0x00,0x00,0xFF,0xC0,0x00,0x00,0x00,0x00,0x00,0x00,0x00,0x00,0x00,0x00,0xFF,0xC0,0x00,0x00,0x00,0x00,0x00,0x00,0x00,0x00,0x00,0x00,0xFF,0xC0,0x00,0x00,0x00,0x00,0x00,0x00,0x00,0x00,0x00,0x00,0xFF,0xC0,0x00,0x00,0x00,0x00,0x00,0x00,0x00,0x00,0x00,0x00,0xFF,0xC0,0x00,0x00,0x00,0x00,0x00,0x00,0x00,0x00,0x00,0x00,0xFF,0xC0,0x00,0x00,0x00,0x00,0x00,0x00,0x00,0x00,0x00,0x00,0xFF,0xC0,0x00,0x00,0x00,0x00,0x00,0x00,0x00,0x00,0x00,0x00,0xFF,0xC0,0x00,0x00,0x00,0x00,0x00,0x00,0x00,0x00,0x00,0x00,0xFF,0xC0,0x00,0x00,0x00,0x00,0x00,0x00,0x00,0x00,0x00,0x00,0xFF,0xC0,0x00,0x00,0x00,0x00,0x00,0x00,0x00,0x00,0x00,0x00,0xFF,0xC0,0x00,0x00,0x00,0x00,0x00,0x00,0x00,0x00,0x00,0x00,0xFF,0xC0,0x00,0x00,0x00,0x00,0x00,0x00,0x00,0x00,0x00,0x00,0xFF,0xC0,0x00,0x00,0x00,0x00,0x00,0x00,0x00,0x00,0x00,0x00,0xFF,0xC0,0x00,0x00,0x00,0x00,0x00,0x00,0x00,0x00,0x00,0x00,0xFF,0xC0,0x00,0x00,0x00,0x00,0x00,0x00,0x00,0x00,0x00,0x00,0xFF,0xC0,0x00,0x00,0x00,0x00,0x00,0x00,0x00,0x00,0x00,0x00,0xFF,0xC0,0x00,0x00,0x00,0x00,0x00,0x00,0x00,0x00,0x00,0x00,0xFF,0xC0,0x00,0x00,0x00,0x00,0x00,0x00,0x00,0x00,0x00,0x00,0xFF,0xC0,0x00,0x00,0x00,0x00,0x00,0x00,0x00,0x00,0x00,0x00,0xFF,0xC0,0x00,0x00,0x00,0x00,0x00,0x00,0x00,0x00,0x00,0x00,0xFF,0xC0,0x00,0x00,0x00,0x00,0x00,0x00,0x00,0x00,0x00,0x00,0xFF,0xC0,0x00,0x00,0x00,0x00,0x00,0x00,0x00,0x00,0x00,0x00,0xFF,0xC0,0x00,0x00,0x00,0x00,0x00,0x00,0x00,0x00,0x00,0x00,0xFF,0xC0,0x00,0x00,0x00,0x00,0x00,0x00,0x00,0x00,0x00,0x00,0xFF,0xC0,0x00,0x00,0x00,0x00,0x00,0x00,0x00,0x00,0x00,0x00,0xFF,0xC0,0x00,0x00,0x00,0x00,0x00,0x00,0x00,0x00,0x00,0x00,0xFF,0xC0,0x00,0x00,0x00,0x00,0x00,0x00,0x00,0x00,0x00,0x00,0xFF,0xC0,0x00,0x00,0x00,0x00,0x00,0x00,0x00,0x00,0x00,0x00,0xFF,0xC0,0x00,0x00,0x00,0x00,0x00,0x00,0x00,0x00,0x00,0x00,0xFF,0x80,0x00,0x00,0x00,0x00,0x00,0x00,0x00,0x00,0x00,0x00,0x7F,0x00,0x00,0x00,0x00,0x00,0x00,0x00,0x00,0x00,0x00,0x00,0x3E,0x00,0x00,0x00,0x00,0x00,0x00,0x00,0x00,0x00,0x00,0x00,0x1C,0x00,0x00,0x00,0x00,0x00,0x00,0x00,0x00,0x00,0x00,0x00,0x08,0x00,0x00,0x00,0x00,0x00,0x00,0x00,0x00,0x00,0x00,0x00,0x00,0x00,0x00,0x00,0x00,0x00,0x00,0x00,0x00,0x00,0x00,0x00,0x00,0x00,0x00,0x00,0x00,0x00,0x00,0x00,0x00,0x00,0x00,0x00,0x00,0x00,0x00,0x00,0x00,0x00,0x00,0x00,0x00,0x00,0x00,0x00,0x00,0x00,0x00,0x00,0x00,0x00,0x00,0x00,0x00,0x00,0x00,0x00,0x00,0x00,0x00,0x00,0x00,0x00,0x00,0x00,0x00,0x00,0x00,0x00,0x00,0x00,0x00,0x00,0x00,0x00,0x00,0x00,0x00,0x00,0x00,0x00,0x00,0x00,0x00,0x00,0x00,0x00,0x00,0x00,0x00,0x00,0x00,0x00,0x00,0x00,0x00,0x00,0x00,0x00,0x00,0x00,0x00,0x00,0x00,0x00,0x00,0x00,0x00,0x00,0x00,0x00,0x00,0x00,0x00,0x00,0x00,0x00,0x00,0x00,0x00,0x00,0x00,0x00,0x00,0x00,0x00,0x00,0x00,0x00,0x00,0x00,0x00,0x00,0x00,0x00,0x00,0x00,0x00,0x00,0x00,0x00,0x00,0x00,0x00,0x00,0x00,0x00,0x00,0x00,0x00,0x00,0x00,0x00,0x00,0x00,  // 1
	0x00,0x00,0x00,0x00,0x00,0x00,0x00,0x00,0x00,0x00,0x00,0x00,0x00,0x00,0x00,0x00,0x00,0x00,0x00,0x00,0x00,0x00,0x00,0x00,0x00,0x00,0x00,0x00,0x00,0x00,0x00,0x00,0x00,0x00,0x00,0x00,0x00,0x00,0x00,0x00,0x00,0x00,0x00,0x00,0x00,0x00,0x00,0x00,0x00,0x00,0x00,0x00,0x00,0x00,0x00,0x00,0x00,0x00,0x00,0x00,0x00,0x00,0xFF,0xFF,0xFF,0xFF,0xFF,0xFF,0xFF,0xFC,0x00,0x00,0x00,0x01,0xFF,0xFF,0xFF,0xFF,0xFF,0xFF,0xFF,0xFE,0x00,0x00,0x00,0x03,0xFF,0xFF,0xFF,0xFF,0xFF,0xFF,0xFF,0xFF,0x00,0x00,0x00,0x07,0xFF,0xFF,0xFF,0xFF,0xFF,0xFF,0xFF,0xFF,0x80,0x00,0x00,0x0F,0xFF,0xFF,0xFF,0xFF,0xFF,0xFF,0xFF,0xFF,0xC0,0x00,0x00,0x1F,0xFF,0xFF,0xFF,0xFF,0xFF,0xFF,0xFF,0xFF,0xE0,0x00,0x00,0x0F,0xFF,0xFF,0xFF,0xFF,0xFF,0xFF,0xFF,0xFF,0xC0,0x00,0x00,0x07,0xFF,0xFF,0xFF,0xFF,0xFF,0xFF,0xFF,0xFF,0x80,0x00,0x00,0x03,0xFF,0xFF,0xFF,0xFF,0xFF,0xFF,0xFF,0xFF,0x08,0x00,0x00,0x01,0xFF,0xFF,0xFF,0xFF,0xFF,0xFF,0xFF,0xFE,0x1C,0x00,0x00,0x00,0xFF,0xFF,0xFF,0xFF,0xFF,0xFF,0xFF,0xFC,0x3E,0x00,0x00,0x00,0x00,0x00,0x00,0x00,0x00,0x00,0x00,0x00,0x7F,0x00,0x00,0x00,0x00,0x00,0x00,0x00,0x00,0x00,0x00,0x00,0xFF,0x80,0x00,0x00,0x00,0x00,0x00,0x00,0x00,0x00,0x00,0x00,0xFF,0xC0,0x00,0x00,0x00,0x00,0x00,0x00,0x00,0x00,0x00,0x00,0xFF,0xC0,0x00,0x00,0x00,0x00,0x00,0x00,0x00,0x00,0x00,0x00,0xFF,0xC0,0x00,0x00,0x00,0x00,0x00,0x00,0x00,0x00,0x00,0x00,0xFF,0xC0,0x00,0x00,0x00,0x00,0x00,0x00,0x00,0x00,0x00,0x00,0xFF,0xC0,0x00,0x00,0x00,0x00,0x00,0x00,0x00,0x00,0x00,0x00,0xFF,0xC0,0x00,0x00,0x00,0x00,0x00,0x00,0x00,0x00,0x00,0x00,0xFF,0xC0,0x00,0x00,0x00,0x00,0x00,0x00,0x00,0x00,0x00,0x00,0xFF,0xC0,0x00,0x00,0x00,0x00,0x00,0x00,0x00,0x00,0x00,0x00,0xFF,0xC0,0x00,0x00,0x00,0x00,0x00,0x00,0x00,0x00,0x00,0x00,0xFF,0xC0,0x00,0x00,0x00,0x00,0x00,0x00,0x00,0x00,0x00,0x00,0xFF,0xC0,0x00,0x00,0x00,0x00,0x00,0x00,0x00,0x00,0x00,0x00,0xFF,0xC0,0x00,0x00,0x00,0x00,0x00,0x00,0x00,0x00,0x00,0x00,0xFF,0xC0,0x00,0x00,0x00,0x00,0x00,0x00,0x00,0x00,0x00,0x00,0xFF,0xC0,0x00,0x00,0x00,0x00,0x00,0x00,0x00,0x00,0x00,0x00,0xFF,0xC0,0x00,0x00,0x00,0x00,0x00,0x00,0x00,0x00,0x00,0x00,0xFF,0xC0,0x00,0x00,0x00,0x00,0x00,0x00,0x00,0x00,0x00,0x00,0xFF,0xC0,0x00,0x00,0x00,0x00,0x00,0x00,0x00,0x00,0x00,0x00,0xFF,0xC0,0x00,0x00,0x00,0x00,0x00,0x00,0x00,0x00,0x00,0x00,0xFF,0xC0,0x00,0x00,0x00,0x00,0x00,0x00,0x00,0x00,0x00,0x00,0xFF,0xC0,0x00,0x00,0x00,0x00,0x00,0x00,0x00,0x00,0x00,0x00,0xFF,0xC0,0x00,0x00,0x00,0x00,0x00,0x00,0x00,0x00,0x00,0x00,0xFF,0xC0,0x00,0x00,0x00,0x00,0x00,0x00,0x00,0x00,0x00,0x00,0xFF,0xC0,0x00,0x00,0x00,0x00,0x00,0x00,0x00,0x00,0x00,0x00,0xFF,0xC0,0x00,0x00,0x00,0x00,0x00,0x00,0x00,0x00,0x00,0x00,0xFF,0xC0,0x00,0x00,0x00,0x00,0x00,0x00,0x00,0x00,0x00,0x00,0xFF,0xC0,0x00,0x00,0x00,0x00,0x00,0x00,0x00,0x00,0x00,0x00,0xFF,0xC0,0x00,0x00,0x00,0x00,0x00,0x00,0x00,0x00,0x00,0x00,0xFF,0xC0,0x00,0x00,0x00,0x00,0x00,0x00,0x00,0x00,0x00,0x00,0xFF,0xC0,0x00,0x00,0x00,0x00,0x00,0x00,0x00,0x00,0x00,0x00,0xFF,0xC0,0x00,0x00,0x00,0x00,0x00,0x00,0x00,0x00,0x00,0x00,0xFF,0xC0,0x00,0x00,0x00,0x00,0x00,0x00,0x00,0x00,0x00,0x00,0xFF,0xC0,0x00,0x00,0x00,0x00,0x00,0x00,0x00,0x00,0x00,0x00,0xFF,0xC0,0x00,0x00,0x00,0x00,0x00,0x00,0x00,0x00,0x00,0x00,0xFF,0xC0,0x00,0x00,0x00,0x00,0x00,0x00,0x00,0x00,0x00,0x00,0xFF,0xC0,0x00,0x00,0x00,0x00,0x00,0x00,0x00,0x00,0x00,0x00,0xFF,0xC0,0x00,0x00,0x00,0x00,0x00,0x00,0x00,0x00,0x00,0x00,0xFF,0xC0,0x00,0x00,0x00,0x00,0x00,0x00,0x00,0x00,0x00,0x00,0xFF,0xC0,0x00,0x00,0x00,0x00,0x00,0x00,0x00,0x00,0x00,0x00,0xFF,0xC0,0x00,0x00,0x00,0x00,0x00,0x00,0x00,0x00,0x00,0x00,0xFF,0xC0,0x00,0x00,0x00,0x00,0x00,0x00,0x00,0x00,0x00,0x00,0xFF,0xC0,0x00,0x00,0x00,0x00,0x00,0x00,0x00,0x00,0x00,0x00,0xFF,0xC0,0x00,0x00,0x00,0x00,0x00,0x00,0x00,0x00,0x00,0x00,0xFF,0xC0,0x00,0x00,0x00,0x00,0x00,0x00,0x00,0x00,0x00,0x00,0xFF,0xC0,0x00,0x00,0x00,0x00,0x00,0x00,0x00,0x00,0x00,0x00,0xFF,0xC0,0x00,0x00,0x00,0x00,0x00,0x00,0x00,0x00,0x00,0x00,0xFF,0xC0,0x00,0x00,0x00,0x00,0x00,0x00,0x00,0x00,0x00,0x00,0xFF,0xC0,0x00,0x00,0x00,0x00,0x00,0x00,0x00,0x00,0x00,0x00,0x7F,0x80,0x00,0x00,0x00,0x00,0x00,0x00,0x00,0x00,0x00,0x00,0x3F,0x00,0x00,0x01,0xFF,0xFF,0xFF,0xFF,0xFF,0xFF,0xFF,0xFE,0x1E,0x00,0x00,0x03,0xFF,0xFF,0xFF,0xFF,0xFF,0xFF,0xFF,0xFF,0x0C,0x00,0x00,0x07,0xFF,0xFF,0xFF,0xFF,0xFF,0xFF,0xFF,0xFF,0x80,0x00,0x00,0x07,0xFF,0xFF,0xFF,0xFF,0xFF,0xFF,0xFF,0xFF,0x80,0x00,0x00,0x0F,0xFF,0xFF,0xFF,0xFF,0xFF,0xFF,0xFF,0xFF,0xC0,0x00,0x00,0x0F,0xFF,0xFF,0xFF,0xFF,0xFF,0xFF,0xFF,0xFF,0xC0,0x00,0x00,0x07,0xFF,0xFF,0xFF,0xFF,0xFF,0xFF,0xFF,0xFF,0x80,0x00,0x00,0x07,0xFF,0xFF,0xFF,0xFF,0xFF,0xFF,0xFF,0xFF,0x80,0x00,0x00,0xC3,0xFF,0xFF,0xFF,0xFF,0xFF,0xFF,0xFF,0xFF,0x00,0x00,0x01,0xE1,0xFF,0xFF,0xFF,0xFF,0xFF,0xFF,0xFF,0xFE,0x00,0x00,0x03,0xF0,0x00,0x00,0x00,0x00,0x00,0x00,0x00,0x00,0x00,0x00,0x07,0xF8,0x00,0x00,0x00,0x00,0x00,0x00,0x00,0x00,0x00,0x00,0x0F,0xFC,0x00,0x00,0x00,0x00,0x00,0x00,0x00,0x00,0x00,0x00,0x0F,0xFC,0x00,0x00,0x00,0x00,0x00,0x00,0x00,0x00,0x00,0x00,0x0F,0xFC,0x00,0x00,0x00,0x00,0x00,0x00,0x00,0x00,0x00,0x00,0x0F,0xFC,0x00,0x00,0x00,0x00,0x00,0x00,0x00,0x00,0x00,0x00,0x0F,0xFC,0x00,0x00,0x00,0x00,0x00,0x00,0x00,0x00,0x00,0x00,0x0F,0xFC,0x00,0x00,0x00,0x00,0x00,0x00,0x00,0x00,0x00,0x00,0x0F,0xFC,0x00,0x00,0x00,0x00,0x00,0x00,0x00,0x00,0x00,0x00,0x0F,0xFC,0x00,0x00,0x00,0x00,0x00,0x00,0x00,0x00,0x00,0x00,0x0F,0xFC,0x00,0x00,0x00,0x00,0x00,0x00,0x00,0x00,0x00,0x00,0x0F,0xFC,0x00,0x00,0x00,0x00,0x00,0x00,0x00,0x00,0x00,0x00,0x0F,0xFC,0x00,0x00,0x00,0x00,0x00,0x00,0x00,0x00,0x00,0x00,0x0F,0xFC,0x00,0x00,0x00,0x00,0x00,0x00,0x00,0x00,0x00,0x00,0x0F,0xFC,0x00,0x00,0x00,0x00,0x00,0x00,0x00,0x00,0x00,0x00,0x0F,0xFC,0x00,0x00,0x00,0x00,0x00,0x00,0x00,0x00,0x00,0x00,0x0F,0xFC,0x00,0x00,0x00,0x00,0x00,0x00,0x00,0x00,0x00,0x00,0x0F,0xFC,0x00,0x00,0x00,0x00,0x00,0x00,0x00,0x00,0x00,0x00,0x0F,0xFC,0x00,0x00,0x00,0x00,0x00,0x00,0x00,0x00,0x00,0x00,0x0F,0xFC,0x00,0x00,0x00,0x00,0x00,0x00,0x00,0x00,0x00,0x00,0x0F,0xFC,0x00,0x00,0x00,0x00,0x00,0x00,0x00,0x00,0x00,0x00,0x0F,0xFC,0x00,0x00,0x00,0x00,0x00,0x00,0x00,0x00,0x00,0x00,0x0F,0xFC,0x00,0x00,0x00,0x00,0x00,0x00,0x00,0x00,0x00,0x00,0x0F,0xFC,0x00,0x00,0x00,0x00,0x00,0x00,0x00,0x00,0x00,0x00,0x0F,0xFC,0x00,0x00,0x00,0x00,0x00,0x00,0x00,0x00,0x00,0x00,0x0F,0xFC,0x00,0x00,0x00,0x00,0x00,0x00,0x00,0x00,0x00,0x00,0x0F,0xFC,0x00,0x00,0x00,0x00,0x00,0x00,0x00,0x00,0x00,0x00,0x0F,0xFC,0x00,0x00,0x00,0x00,0x00,0x00,0x00,0x00,0x00,0x00,0x0F,0xFC,0x00,0x00,0x00,0x00,0x00,0x00,0x00,0x00,0x00,0x00,0x0F,0xFC,0x00,0x00,0x00,0x00,0x00,0x00,0x00,0x00,0x00,0x00,0x0F,0xFC,0x00,0x00,0x00,0x00,0x00,0x00,0x00,0x00,0x00,0x00,0x0F,0xFC,0x00,0x00,0x00,0x00,0x00,0x00,0x00,0x00,0x00,0x00,0x0F,0xFC,0x00,0x00,0x00,0x00,0x00,0x00,0x00,0x00,0x00,0x00,0x0F,0xFC,0x00,0x00,0x00,0x00,0x00,0x00,0x00,0x00,0x00,0x00,0x0F,0xFC,0x00,0x00,0x00,0x00,0x00,0x00,0x00,0x00,0x00,0x00,0x0F,0xFC,0x00,0x00,0x00,0x00,0x00,0x00,0x00,0x00,0x00,0x00,0x0F,0xFC,0x00,0x00,0x00,0x00,0x00,0x00,0x00,0x00,0x00,0x00,0x0F,0xFC,0x00,0x00,0x00,0x00,0x00,0x00,0x00,0x00,0x00,0x00,0x0F,0xFC,0x00,0x00,0x00,0x00,0x00,0x00,0x00,0x00,0x00,0x00,0x0F,0xFC,0x00,0x00,0x00,0x00,0x00,0x00,0x00,0x00,0x00,0x00,0x0F,0xFC,0x00,0x00,0x00,0x00,0x00,0x00,0x00,0x00,0x00,0x00,0x0F,0xFC,0x00,0x00,0x00,0x00,0x00,0x00,0x00,0x00,0x00,0x00,0x0F,0xFC,0x00,0x00,0x00,0x00,0x00,0x00,0x00,0x00,0x00,0x00,0x0F,0xFC,0x00,0x00,0x00,0x00,0x00,0x00,0x00,0x00,0x00,0x00,0x0F,0xFC,0x00,0x00,0x00,0x00,0x00,0x00,0x00,0x00,0x00,0x00,0x0F,0xFC,0x00,0x00,0x00,0x00,0x00,0x00,0x00,0x00,0x00,0x00,0x0F,0xFC,0x00,0x00,0x00,0x00,0x00,0x00,0x00,0x00,0x00,0x00,0x0F,0xFC,0x00,0x00,0x00,0x00,0x00,0x00,0x00,0x00,0x00,0x00,0x0F,0xFC,0x00,0x00,0x00,0x00,0x00,0x00,0x00,0x00,0x00,0x00,0x07,0xFC,0x00,0x00,0x00,0x00,0x00,0x00,0x00,0x00,0x00,0x00,0x03,0xF8,0x00,0x00,0x00,0x00,0x00,0x00,0x00,0x00,0x00,0x00,0x01,0xF0,0xFF,0xFF,0xFF,0xFF,0xFF,0xFF,0xFF,0xFC,0x00,0x00,0x00,0xE1,0xFF,0xFF,0xFF,0xFF,0xFF,0xFF,0xFF,0xFE,0x00,0x00,0x00,0x43,0xFF,0xFF,0xFF,0xFF,0xFF,0xFF,0xFF,0xFF,0x00,0x00,0x00,0x07,0xFF,0xFF,0xFF,0xFF,0xFF,0xFF,0xFF,0xFF,0x80,0x00,0x00,0x0F,0xFF,0xFF,0xFF,0xFF,0xFF,0xFF,0xFF,0xFF,0xC0,0x00,0x00,0x1F,0xFF,0xFF,0xFF,0xFF,0xFF,0xFF,0xFF,0xFF,0xE0,0x00,0x00,0x0F,0xFF,0xFF,0xFF,0xFF,0xFF,0xFF,0xFF,0xFF,0xC0,0x00,0x00,0x07,0xFF,0xFF,0xFF,0xFF,0xFF,0xFF,0xFF,0xFF,0x80,0x00,0x00,0x03,0xFF,0xFF,0xFF,0xFF,0xFF,0xFF,0xFF,0xFF,0x00,0x00,0x00,0x01,0xFF,0xFF,0xFF,0xFF,0xFF,0xFF,0xFF,0xFE,0x00,0x00,0x00,0x00,0xFF,0xFF,0xFF,0xFF,0xFF,0xFF,0xFF,0xFC,0x00,0x00,0x00,0x00,0x00,0x00,0x00,0x00,0x00,0x00,0x00,0x00,0x00,0x00,0x00,0x00,0x00,0x00,0x00,0x00,0x00,0x00,0x00,0x00,0x00,0x00,0x00,0x00,0x00,0x00,0x00,0x00,0x00,0x00,0x00,0x00,0x00,0x00,0x00,0x00,0x00,0x00,0x00,0x00,0x00,0x00,0x00,0x00,0x00,0x00,0x00,0x00,0x00,0x00,0x00,0x00,0x00,0x00,0x00,0x00,0x00,0x00,  // 2
	0x00,0x00,0x00,0x00,0x00,0x00,0x00,0x00,0x00,0x00,0x00,0x00,0x00,0x00,0x00,0x00,0x00,0x00,0x00,0x00,0x00,0x00,0x00,0x00,0x00,0x00,0x00,0x00,0x00,0x00,0x00,0x00,0x00,0x00,0x00,0x00,0x00,0x00,0x00,0x00,0x00,0x00,0x00,0x00,0x00,0x00,0x00,0x00,0x00,0x00,0x00,0x00,0x00,0x00,0x00,0x00,0x00,0x00,0x00,0x00,0x00,0x00,0xFF,0xFF,0xFF,0xFF,0xFF,0xFF,0xFF,0xFC,0x00,0x00,0x00,0x01,0xFF,0xFF,0xFF,0xFF,0xFF,0xFF,0xFF,0xFE,0x00,0x00,0x00,0x03,0xFF,0xFF,0xFF,0xFF,0xFF,0xFF,0xFF,0xFF,0x00,0x00,0x00,0x07,0xFF,0xFF,0xFF,0xFF,0xFF,0xFF,0xFF,0xFF,0x80,0x00,0x00,0x0F,0xFF,0xFF,0xFF,0xFF,0xFF,0xFF,0xFF,0xFF,0xC0,0x00,0x00,0x1F,0xFF,0xFF,0xFF,0xFF,0xFF,0xFF,0xFF,0xFF,0xE0,0x00,0x00,0x0F,0xFF,0xFF,0xFF,0xFF,0xFF,0xFF,0xFF,0xFF,0xC0,0x00,0x00,0x07,0xFF,0xFF,0xFF,0xFF,0xFF,0xFF,0xFF,0xFF,0x80,0x00,0x00,0x03,0xFF,0xFF,0xFF,0xFF,0xFF,0xFF,0xFF,0xFF,0x08,0x00,0x00,0x01,0xFF,0xFF,0xFF,0xFF,0xFF,0xFF,0xFF,0xFE,0x1C,0x00,0x00,0x00,0xFF,0xFF,0xFF,0xFF,0xFF,0xFF,0xFF,0xFC,0x3E,0x00,0x00,0x00,0x00,0x00,0x00,0x00,0x00,0x00,0x00,0x00,0x7F,0x00,0x00,0x00,0x00,0x00,0x00,0x00,0x00,0x00,0x00,0x00,0xFF,0x80,0x00,0x00,0x00,0x00,0x00,0x00,0x00,0x00,0x00,0x00,0xFF,0xC0,0x00,0x00,0x00,0x00,0x00,0x00,0x00,0x00,0x00,0x00,0xFF,0xC0,0x00,0x00,0x00,0x00,0x00,0x00,0x00,0x00,0x00,0x00,0xFF,0xC0,0x00,0x00,0x00,0x00,0x00,0x00,0x00,0x00,0x00,0x00,0xFF,0xC0,0x00,0x00,0x00,0x00,0x00,0x00,0x00,0x00,0x00,0x00,0xFF,0xC0,0x00,0x00,0x00,0x00,0x00,0x00,0x00,0x00,0x00,0x00,0xFF,0xC0,0x00,0x00,0x00,0x00,0x00,0x00,0x00,0x00,0x00,0x00,0xFF,0xC0,0x00,0x00,0x00,0x00,0x00,0x00,0x00,0x00,0x00,0x00,0xFF,0xC0,0x00,0x00,0x00,0x00,0x00,0x00,0x00,0x00,0x00,0x00,0xFF,0xC0,0x00,0x00,0x00,0x00,0x00,0x00,0x00,0x00,0x00,0x00,0xFF,0xC0,0x00,0x00,0x00,0x00,0x00,0x00,0x00,0x00,0x00,0x00,0xFF,0xC0,0x00,0x00,0x00,0x00,0x00,0x00,0x00,0x00,0x00,0x00,0xFF,0xC0,0x00,0x00,0x00,0x00,0x00,0x00,0x00,0x00,0x00,0x00,0xFF,0xC0,0x00,0x00,0x00,0x00,0x00,0x00,0x00,0x00,0x00,0x00,0xFF,0xC0,0x00,0x00,0x00,0x00,0x00,0x00,0x00,0x00,0x00,0x00,0xFF,0xC0,0x00,0x00,0x00,0x00,0x00,0x00,0x00,0x00,0x00,0x00,0xFF,0xC0,0x00,0x00,0x00,0x00,0x00,0x00,0x00,0x00,0x00,0x00,0xFF,0xC0,0x00,0x00,0x00,0x00,0x00,0x00,0x00,0x00,0x00,0x00,0xFF,0xC0,0x00,0x00,0x00,0x00,0x00,0x00,0x00,0x00,0x00,0x00,0xFF,0xC0,0x00,0x00,0x00,0x00,0x00,0x00,0x00,0x00,0x00,0x00,0xFF,0xC0,0x00,0x00,0x00,0x00,0x00,0x00,0x00,0x00,0x00,0x00,0xFF,0xC0,0x00,0x00,0x00,0x00,0x00,0x00,0x00,0x00,0x00,0x00,0xFF,0xC0,0x00,0x00,0x00,0x00,0x00,0x00,0x00,0x00,0x00,0x00,0xFF,0xC0,0x00,0x00,0x00,0x00,0x00,0x00,0x00,0x00,0x00,0x00,0xFF,0xC0,0x00,0x00,0x00,0x00,0x00,0x00,0x00,0x00,0x00,0x00,0xFF,0xC0,0x00,0x00,0x00,0x00,0x00,0x00,0x00,0x00,0x00,0x00,0xFF,0xC0,0x00,0x00,0x00,0x00,0x00,0x00,0x00,0x00,0x00,0x00,0xFF,0xC0,0x00,0x00,0x00,0x00,0x00,0x00,0x00,0x00,0x00,0x00,0xFF,0xC0,0x00,0x00,0x00,0x00,0x00,0x00,0x00,0x00,0x00,0x00,0xFF,0xC0,0x00,0x00,0x00,0x00,0x00,0x00,0x00,0x00,0x00,0x00,0xFF,0xC0,0x00,0x00,0x00,0x00,0x00,0x00,0x00,0x00,0x00,0x00,0xFF,0xC0,0x00,0x00,0x00,0x00,0x00,0x00,0x00,0x00,0x00,0x00,0xFF,0xC0,0x00,0x00,0x00,0x00,0x00,0x00,0x00,0x00,0x00,0x00,0xFF,0xC0,0x00,0x00,0x00,0x00,0x00,0x00,0x00,0x00,0x00,0x00,0xFF,0xC0,0x00,0x00,0x00,0x00,0x00,0x00,0x00,0x00,0x00,0x00,0xFF,0xC0,0x00,0x00,0x00,0x00,0x00,0x00,0x00,0x00,0x00,0x00,0xFF,0xC0,0x00,0x00,0x00,0x00,0x00,0x00,0x00,0x00,0x00,0x00,0xFF,0xC0,0x00,0x00,0x00,0x00,0x00,0x00,0x00,0x00,0x00,0x00,0xFF,0xC0,0x00,0x00,0x00,0x00,0x00,0x00,0x00,0x00,0x00,0x00,0xFF,0xC0,0x00,0x00,0x00,0x00,0x00,0x00,0x00,0x00,0x00,0x00,0xFF,0xC0,0x00,0x00,0x00,0x00,0x00,0x00,0x00,0x00,0x00,0x00,0xFF,0xC0,0x00,0x00,0x00,0x00,0x00,0x00,0x00,0x00,0x00,0x00,0xFF,0xC0,0x00,0x00,0x00,0x00,0x00,0x00,0x00,0x00,0x00,0x00,0xFF,0xC0,0x00,0x00,0x00,0x00,0x00,0x00,0x00,0x00,0x00,0x00,0xFF,0xC0,0x00,0x00,0x00,0x00,0x00,0x00,0x00,0x00,0x00,0x00,0xFF,0xC0,0x00,0x00,0x00,0x00,0x00,0x00,0x00,0x00,0x00,0x00,0xFF,0xC0,0x00,0x00,0x00,0x00,0x00,0x00,0x00,0x00,0x00,0x00,0xFF,0xC0,0x00,0x00,0x00,0x00,0x00,0x00,0x00,0x00,0x00,0x00,0x7F,0x80,0x00,0x00,0x00,0x00,0x00,0x00,0x00,0x00,0x00,0x00,0x3F,0x00,0x00,0x01,0xFF,0xFF,0xFF,0xFF,0xFF,0xFF,0xFF,0xFE,0x1E,0x00,0x00,0x03,0xFF,0xFF,0xFF,0xFF,0xFF,0xFF,0xFF,0xFF,0x0C,0x00,0x00,0x07,0xFF,0xFF,0xFF,0xFF,0xFF,0xFF,0xFF,0xFF,0x80,0x00,0x00,0x07,0xFF,0xFF,0xFF,0xFF,0xFF,0xFF,0xFF,0xFF,0x80,0x00,0x00,0x0F,0xFF,0xFF,0xFF,0xFF,0xFF,0xFF,0xFF,0xFF,0xC0,0x00,0x00,0x0F,0xFF,0xFF,0xFF,0xFF,0xFF,0xFF,0xFF,0xFF,0xC0,0x00,0x00,0x07,0xFF,0xFF,0xFF,0xFF,0xFF,0xFF,0xFF,0xFF,0x80,0x00,0x00,0x07,0xFF,0xFF,0xFF,0xFF,0xFF,0xFF,0xFF,0xFF,0x80,0x00,0x00,0x03,0xFF,0xFF,0xFF,0xFF,0xFF,0xFF,0xFF,0xFF,0x0C,0x00,0x00,0x01,0xFF,0xFF,0xFF,0xFF,0xFF,0xFF,0xFF,0xFE,0x1E,0x00,0x00,0x00,0x00,0x00,0x00,0x00,0x00,0x00,0x00,0x00,0x3F,0x00,0x00,0x00,0x00,0x00,0x00,0x00,0x00,0x00,0x00,0x00,0x7F,0x80,0x00,0x00,0x00,0x00,0x00,0x00,0x00,0x00,0x00,0x00,0xFF,0xC0,0x00,0x00,0x00,0x00,0x00,0x00,0x00,0x00,0x00,0x00,0xFF,0xC0,0x00,0x00,0x00,0x00,0x00,0x00,0x00,0x00,0x00,0x00,0xFF,0xC0,0x00,0x00,0x00,0x00,0x00,0x00,0x00,0x00,0x00,0x00,0xFF,0xC0,0x00,0x00,0x00,0x00,0x00,0x00,0x00,0x00,0x00,0x00,0xFF,0xC0,0x00,0x00,0x00,0x00,0x00,0x00,0x00,0x00,0x00,0x00,0xFF,0xC0,0x00,0x00,0x00,0x00,0x00,0x00,0x00,0x00,0x00,0x00,0xFF,0xC0,0x00,0x00,0x00,0x00,0x00,0x00,0x00,0x00,0x00,0x00,0xFF,0xC0,0x00,0x00,0x00,0x00,0x00,0x00,0x00,0x00,0x00,0x00,0xFF,0xC0,0x00,0x00,0x00,0x00,0x00,0x00,0x00,0x00,0x00,0x00,0xFF,0xC0,0x00,0x00,0x00,0x00,0x00,0x00,0x00,0x00,0x00,0x00,0xFF,0xC0,0x00,0x00,0x00,0x00,0x00,0x00,0x00,0x00,0x00,0x00,0xFF,0xC0,0x00,0x00,0x00,0x00,0x00,0x00,0x00,0x00,0x00,0x00,0xFF,0xC0,0x00,0x00,0x00,0x00,0x00,0x00,0x00,0x00,0x00,0x00,0xFF,0xC0,0x00,0x00,0x00,0x00,0x00,0x00,0x00,0x00,0x00,0x00,0xFF,0xC0,0x00,0x00,0x00,0x00,0x00,0x00,0x00,0x00,0x00,0x00,0xFF,0xC0,0x00,0x00,0x00,0x00,0x00,0x00,0x00,0x00,0x00,0x00,0xFF,0xC0,0x00,0x00,0x00,0x00,0x00,0x00,0x00,0x00,0x00,0x00,0xFF,0xC0,0x00,0x00,0x00,0x00,0x00,0x00,0x00,0x00,0x00,0x00,0xFF,0xC0,0x00,0x00,0x00,0x00,0x00,0x00,0x00,0x00,0x00,0x00,0xFF,0xC0,0x00,0x00,0x00,0x00,0x00,0x00,0x00,0x00,0x00,0x00,0xFF,0xC0,0x00,0x00,0x00,0x00,0x00,0x00,0x00,0x00,0x00,0x00,0xFF,0xC0,0x00,0x00,0x00,0x00,0x00,0x00,0x00,0x00,0x00,0x00,0xFF,0xC0,0x00,0x00,0x00,0x00,0x00,0x00,0x00,0x00,0x00,0x00,0xFF,0xC0,0x00,0x00,0x00,0x00,0x00,0x00,0x00,0x00,0x00,0x00,0xFF,0xC0,0x00,0x00,0x00,0x00,0x00,0x00,0x00,0x00,0x00,0x00,0xFF,0xC0,0x00,0x00,0x00,0x00,0x00,0x00,0x00,0x00,0x00,0x00,0xFF,0xC0,0x00,0x00,0x00,0x00,0x00,0x00,0x00,0x00,0x00,0x00,0xFF,0xC0,0x00,0x00,0x00,0x00,0x00,0x00,0x00,0x00,0x00,0x00,0xFF,0xC0,0x00,0x00,0x00,0x00,0x00,0x00,0x00,0x00,0x00,0x00,0xFF,0xC0,0x00,0x00,0x00,0x00,0x00,0x00,0x00,0x00,0x00,0x00,0xFF,0xC0,0x00,0x00,0x00,0x00,0x00,0x00,0x00,0x00,0x00,0x00,0xFF,0xC0,0x00,0x00,0x00,0x00,0x00,0x00,0x00,0x00,0x00,0x00,0xFF,0xC0,0x00,0x00,0x00,0x00,0x00,0x00,0x00,0x00,0x00,0x00,0xFF,0xC0,0x00,0x00,0x00,0x00,0x00,0x00,0x00,0x00,0x00,0x00,0xFF,0xC0,0x00,0x00,0x00,0x00,0x00,0x00,0x00,0x00,0x00,0x00,0xFF,0xC0,0x00,0x00,0x00,0x00,0x00,0x00,0x00,0x00,0x00,0x00,0xFF,0xC0,0x00,0x00,0x00,0x00,0x00,0x00,0x00,0x00,0x00,0x00,0xFF,0xC0,0x00,0x00,0x00,0x00,0x00,0x00,0x00,0x00,0x00,0x00,0xFF,0xC0,0x00,0x00,0x00,0x00,0x00,0x00,0x00,0x00,0x00,0x00,0xFF,0xC0,0x00,0x00,0x00,0x00,0x00,0x00,0x00,0x00,0x00,0x00,0xFF,0xC0,0x00,0x00,0x00,0x00,0x00,0x00,0x00,0x00,0x00,0x00,0xFF,0xC0,0x00,0x00,0x00,0x00,0x00,0x00,0x00,0x00,0x00,0x00,0xFF,0xC0,0x00,0x00,0x00,0x00,0x00,0x00,0x00,0x00,0x00,0x00,0xFF,0xC0,0x00,0x00,0x00,0x00,0x00,0x00,0x00,0x00,0x00,0x00,0xFF,0xC0,0x00,0x00,0x00,0x00,0x00,0x00,0x00,0x00,0x00,0x00,0xFF,0xC0,0x00,0x00,0x00,0x00,0x00,0x00,0x00,0x00,0x00,0x00,0xFF,0xC0,0x00,0x00,0x00,0x00,0x00,0x00,0x00,0x00,0x00,0x00,0xFF,0x80,0x00,0x00,0x00,0x00,0x00,0x00,0x00,0x00,0x00,0x00,0x7F,0x00,0x00,0x00,0xFF,0xFF,0xFF,0xFF,0xFF,0xFF,0xFF,0xFC,0x3E,0x00,0x00,0x01,0xFF,0xFF,0xFF,0xFF,0xFF,0xFF,0xFF,0xFE,0x1C,0x00,0x00,0x03,0xFF,0xFF,0xFF,0xFF,0xFF,0xFF,0xFF,0xFF,0x08,0x00,0x00,0x07,0xFF,0xFF,0xFF,0xFF,0xFF,0xFF,0xFF,0xFF,0x80,0x00,0x00,0x0F,0xFF,0xFF,0xFF,0xFF,0xFF,0xFF,0xFF,0xFF,0xC0,0x00,0x00,0x1F,0xFF,0xFF,0xFF,0xFF,0xFF,0xFF,0xFF,0xFF,0xE0,0x00,0x00,0x0F,0xFF,0xFF,0xFF,0xFF,0xFF,0xFF,0xFF,0xFF,0xC0,0x00,0x00,0x07,0xFF,0xFF,0xFF,0xFF,0xFF,0xFF,0xFF,0xFF,0x80,0x00,0x00,0x03,0xFF,0xFF,0xFF,0xFF,0xFF,0xFF,0xFF,0xFF,0x00,0x00,0x00,0x01,0xFF,0xFF,0xFF,0xFF,0xFF,0xFF,0xFF,0xFE,0x00,0x00,0x00,0x00,0xFF,0xFF,0xFF,0xFF,0xFF,0xFF,0xFF,0xFC,0x00,0x00,0x00,0x00,0x00,0x00,0x00,0x00,0x00,0x00,0x00,0x00,0x00,0x00,0x00,0x00,0x00,0x00,0x00,0x00,0x00,0x00,0x00,0x00,0x00,0x00,0x00,0x00,0x00,0x00,0x00,0x00,0x00,0x00,0x00,0x00,0x00,0x00,0x00,0x00,0x00,0x00,0x00,0x00,0x00,0x00,0x00,0x00,0x00,0x00,0x00,0x00,0x00,0x00,0x00,0x00,0x00,0x00,0x00,0x00,0x00,0x00,  // 3
	0x00,0x00,0x00,0x00,0x00,0x00,0x00,0x00,0x00,0x00,0x00,0x00,0x00,0x00,0x00,0x00,0x00,0x00,0x00,0x00,0x00,0x00,0x00,0x00,0x00,0x00,0x00,0x00,0x00,0x00,0x00,0x00,0x00,0x00,0x00,0x00,0x00,0x00,0x00,0x00,0x00,0x00,0x00,0x00,0x00,0x00,0x00,0x00,0x00,0x00,0x00,0x00,0x00,0x00,0x00,0x00,0x00,0x00,0x00,0x00,0x00,0x00,0x00,0x00,0x00,0x00,0x00,0x00,0x00,0x00,0x00,0x00,0x00,0x00,0x00,0x00,0x00,0x00,0x00,0x00,0x00,0x00,0x00,0x00,0x00,0x00,0x00,0x00,0x00,0x00,0x00,0x00,0x00,0x00,0x00,0x00,0x00,0x00,0x00,0x00,0x00,0x00,0x00,0x00,0x00,0x00,0x00,0x00,0x00,0x00,0x00,0x00,0x00,0x00,0x00,0x00,0x00,0x00,0x00,0x00,0x00,0x00,0x00,0x00,0x00,0x00,0x00,0x00,0x00,0x00,0x00,0x00,0x00,0x00,0x00,0x00,0x00,0x00,0x00,0x00,0x00,0x00,0x00,0x00,0x00,0x00,0x00,0x00,0x00,0x00,0x00,0x00,0x00,0x00,0x00,0x00,0x00,0x40,0x00,0x00,0x00,0x00,0x00,0x00,0x00,0x00,0x08,0x00,0x00,0xE0,0x00,0x00,0x00,0x00,0x00,0x00,0x00,0x00,0x1C,0x00,0x01,0xF0,0x00,0x00,0x00,0x00,0x00,0x00,0x00,0x00,0x3E,0x00,0x03,0xF8,0x00,0x00,0x00,0x00,0x00,0x00,0x00,0x00,0x7F,0x00,0x07,0xFC,0x00,0x00,0x00,0x00,0x00,0x00,0x00,0x00,0xFF,0x80,0x0F,0xFC,0x00,0x00,0x00,0x00,0x00,0x00,0x00,0x00,0xFF,0xC0,0x0F,0xFC,0x00,0x00,0x00,0x00,0x00,0x00,0x00,0x00,0xFF,0xC0,0x0F,0xFC,0x00,0x00,0x00,0x00,0x00,0x00,0x00,0x00,0xFF,0xC0,0x0F,0xFC,0x00,0x00,0x00,0x00,0x00,0x00,0x00,0x00,0xFF,0xC0,0x0F,0xFC,0x00,0x00,0x00,0x00,0x00,0x00,0x00,0x00,0xFF,0xC0,0x0F,0xFC,0x00,0x00,0x00,0x00,0x00,0x00,0x00,0x00,0xFF,0xC0,0x0F,0xFC,0x00,0x00,0x00,0x00,0x00,0x00,0x00,0x00,0xFF,0xC0,0x0F,0xFC,0x00,0x00,0x00,0x00,0x00,0x00,0x00,0x00,0xFF,0xC0,0x0F,0xFC,0x00,0x00,0x00,0x00,0x00,0x00,0x00,0x00,0xFF,0xC0,0x0F,0xFC,0x00,0x00,0x00,0x00,0x00,0x00,0x00,0x00,0xFF,0xC0,0x0F,0xFC,0x00,0x00,0x00,0x00,0x00,0x00,0x00,0x00,0xFF,0xC0,0x0F,0xFC,0x00,0x00,0x00,0x00,0x00,0x00,0x00,0x00,0xFF,0xC0,0x0F,0xFC,0x00,0x00,0x00,0x00,0x00,0x00,0x00,0x00,0xFF,0xC0,0x0F,0xFC,0x00,0x00,0x00,0x00,0x00,0x00,0x00,0x00,0xFF,0xC0,0x0F,0xFC,0x00,0x00,0x00,0x00,0x00,0x00,0x00,0x00,0xFF,0xC0,0x0F,0xFC,0x00,0x00,0x00,0x00,0x00,0x00,0x00,0x00,0xFF,0xC0,0x0F,0xFC,0x00,0x00,0x00,0x00,0x00,0x00,0x00,0x00,0xFF,0xC0,0x0F,0xFC,0x00,0x00,0x00,0x00,0x00,0x00,0x00,0x00,0xFF,0xC0,0x0F,0xFC,0x00,0x00,0x00,0x00,0x00,0x00,0x00,0x00,0xFF,0xC0,0x0F,0xFC,0x00,0x00,0x00,0x00,0x00,0x00,0x00,0x00,0xFF,0xC0,0x0F,0xFC,0x00,0x00,0x00,0x00,0x00,0x00,0x00,0x00,0xFF,0xC0,0x0F,0xFC,0x00,0x00,0x00,0x00,0x00,0x00,0x00,0x00,0xFF,0xC0,0x0F,0xFC,0x00,0x00,0x00,0x00,0x00,0x00,0x00,0x00,0xFF,0xC0,0x0F,0xFC,0x00,0x00,0x00,0x00,0x00,0x00,0x00,0x00,0xFF,0xC0,0x0F,0xFC,0x00,0x00,0x00,0x00,0x00,0x00,0x00,0x00,0xFF,0xC0,0x0F,0xFC,0x00,0x00,0x00,0x00,0x00,0x00,0x00,0x00,0xFF,0xC0,0x0F,0xFC,0x00,0x00,0x00,0x00,0x00,0x00,0x00,0x00,0xFF,0xC0,0x0F,0xFC,0x00,0x00,0x00,0x00,0x00,0x00,0x00,0x00,0xFF,0xC0,0x0F,0xFC,0x00,0x00,0x00,0x00,0x00,0x00,0x00,0x00,0xFF,0xC0,0x0F,0xFC,0x00,0x00,0x00,0x00,0x00,0x00,0x00,0x00,0xFF,0xC0,0x0F,0xFC,0x00,0x00,0x00,0x00,0x00,0x00,0x00,0x00,0xFF,0xC0,0x0F,0xFC,0x00,0x00,0x00,0x00,0x00,0x00,0x00,0x00,0xFF,0xC0,0x0F,0xFC,0x00,0x00,0x00,0x00,0x00,0x00,0x00,0x00,0xFF,0xC0,0x0F,0xFC,0x00,0x00,0x00,0x00,0x00,0x00,0x00,0x00,0xFF,0xC0,0x0F,0xFC,0x00,0x00,0x00,0x00,0x00,0x00,0x00,0x00,0xFF,0xC0,0x0F,0xFC,0x00,0x00,0x00,0x00,0x00,0x00,0x00,0x00,0xFF,0xC0,0x0F,0xFC,0x00,0x00,0x00,0x00,0x00,0x00,0x00,0x00,0xFF,0xC0,0x0F,0xFC,0x00,0x00,0x00,0x00,0x00,0x00,0x00,0x00,0xFF,0xC0,0x0F,0xFC,0x00,0x00,0x00,0x00,0x00,0x00,0x00,0x00,0xFF,0xC0,0x0F,0xFC,0x00,0x00,0x00,0x00,0x00,0x00,0x00,0x00,0xFF,0xC0,0x0F,0xFC,0x00,0x00,0x00,0x00,0x00,0x00,0x00,0x00,0xFF,0xC0,0x0F,0xFC,0x00,0x00,0x00,0x00,0x00,0x00,0x00,0x00,0xFF,0xC0,0x0F,0xFC,0x00,0x00,0x00,0x00,0x00,0x00,0x00,0x00,0xFF,0xC0,0x0F,0xFC,0x00,0x00,0x00,0x00,0x00,0x00,0x00,0x00,0xFF,0xC0,0x0F,0xFC,0x00,0x00,0x00,0x00,0x00,0x00,0x00,0x00,0xFF,0xC0,0x0F,0xFC,0x00,0x00,0x00,0x00,0x00,0x00,0x00,0x00,0xFF,0xC0,0x0F,0xFC,0x00,0x00,0x00,0x00,0x00,0x00,0x00,0x00,0xFF,0xC0,0x07,0xF8,0x00,0x00,0x00,0x00,0x00,0x00,0x00,0x00,0x7F,0x80,0x03,0xF0,0x00,0x00,0x00,0x00,0x00,0x00,0x00,0x00,0x3F,0x00,0x01,0xE1,0xFF,0xFF,0xFF,0xFF,0xFF,0xFF,0xFF,0xFE,0x1E,0x00,0x00,0xC3,0xFF,0xFF,0xFF,0xFF,0xFF,0xFF,0xFF,0xFF,0x0C,0x00,0x00,0x07,0xFF,0xFF,0xFF,0xFF,0xFF,0xFF,0xFF,0xFF,0x80,0x00,0x00,0x07,0xFF,0xFF,0xFF,0xFF,0xFF,0xFF,0xFF,0xFF,0x80,0x00,0x00,0x0F,0xFF,0xFF,0xFF,0xFF,0xFF,0xFF,0xFF,0xFF,0xC0,0x00,0x00,0x0F,0xFF,0xFF,0xFF,0xFF,0xFF,0xFF,0xFF,0xFF,0xC0,0x00,0x00,0x07,0xFF,0xFF,0xFF,0xFF,0xFF,0xFF,0xFF,0xFF,0x80,0x00,0x00,0x07,0xFF,0xFF,0xFF,0xFF,0xFF,0xFF,0xFF,0xFF,0x80,0x00,0x00,0x03,0xFF,0xFF,0xFF,0xFF,0xFF,0xFF,0xFF,0xFF,0x0C,0x00,0x00,0x01,0xFF,0xFF,0xFF,0xFF,0xFF,0xFF,0xFF,0xFE,0x1E,0x00,0x00,0x00,0x00,0x00,0x00,0x00,0x00,0x00,0x00,0x00,0x3F,0x00,0x00,0x00,0x00,0x00,0x00,0x00,0x00,0x00,0x00,0x00,0x7F,0x80,0x00,0x00,0x00,0x00,0x00,0x00,0x00,0x00,0x00,0x00,0xFF,0xC0,0x00,0x00,0x00,0x00,0x00,0x00,0x00,0x00,0x00,0x00,0xFF,0xC0,0x00,0x00,0x00,0x00,0x00,0x00,0x00,0x00,0x00,0x00,0xFF,0xC0,0x00,0x00,0x00,0x00,0x00,0x00,0x00,0x00,0x00,0x00,0xFF,0xC0,0x00,0x00,0x00,0x00,0x00,0x00,0x00,0x00,0x00,0x00,0xFF,0xC0,0x00,0x00,0x00,0x00,0x00,0x00,0x00,0x00,0x00,0x00,0xFF,0xC0,0x00,0x00,0x00,0x00,0x00,0x00,0x00,0x00,0x00,0x00,0xFF,0xC0,0x00,0x00,0x00,0x00,0x00,0x00,0x00,0x00,0x00,0x00,0xFF,0xC0,0x00,0x00,0x00,0x00,0x00,0x00,0x00,0x00,0x00,0x00,0xFF,0xC0,0x00,0x00,0x00,0x00,0x00,0x00,0x00,0x00,0x00,0x00,0xFF,0xC0,0x00,0x00,0x00,0x00,0x00,0x00,0x00,0x00,0x00,0x00,0xFF,0xC0,0x00,0x00,0x00,0x00,0x00,0x00,0x00,0x00,0x00,0x00,0xFF,0xC0,0x00,0x00,0x00,0x00,0x00,0x00,0x00,0x00,0x00,0x00,0xFF,0xC0,0x00,0x00,0x00,0x00,0x00,0x00,0x00,0x00,0x00,0x00,0xFF,0xC0,0x00,0x00,0x00,0x00,0x00,0x00,0x00,0x00,0x00,0x00,0xFF,0xC0,0x00,0x00,0x00,0x00,0x00,0x00,0x00,0x00,0x00,0x00,0xFF,0xC0,0x00,0x00,0x00,0x00,0x00,0x00,0x00,0x00,0x00,0x00,0xFF,0xC0,0x00,0x00,0x00,0x00,0x00,0x00,0x00,0x00,0x00,0x00,0xFF,0xC0,0x00,0x00,0x00,0x00,0x00,0x00,0x00,0x00,0x00,0x00,0xFF,0xC0,0x00,0x00,0x00,0x00,0x00,0x00,0x00,0x00,0x00,0x00,0xFF,0xC0,0x00,0x00,0x00,0x00,0x00,0x00,0x00,0x00,0x00,0x00,0xFF,0xC0,0x00,0x00,0x00,0x00,0x00,0x00,0x00,0x00,0x00,0x00,0xFF,0xC0,0x00,0x00,0x00,0x00,0x00,0x00,0x00,0x00,0x00,0x00,0xFF,0xC0,0x00,0x00,0x00,0x00,0x00,0x00,0x00,0x00,0x00,0x00,0xFF,0xC0,0x00,0x00,0x00,0x00,0x00,0x00,0x00,0x00,0x00,0x00,0xFF,0xC0,0x00,0x00,0x00,0x00,0x00,0x00,0x00,0x00,0x00,0x00,0xFF,0xC0,0x00,0x00,0x00,0x00,0x00,0x00,0x00,0x00,0x00,0x00,0xFF,0xC0,0x00,0x00,0x00,0x00,0x00,0x00,0x00,0x00,0x00,0x00,0xFF,0xC0,0x00,0x00,0x00,0x00,0x00,0x00,0x00,0x00,0x00,0x00,0xFF,0xC0,0x00,0x00,0x00,0x00,0x00,0x00,0x00,0x00,0x00,0x00,0xFF,0xC0,0x00,0x00,0x00,0x00,0x00,0x00,0x00,0x00,0x00,0x00,0xFF,0xC0,0x00,0x00,0x00,0x00,0x00,0x00,0x00,0x00,0x00,0x00,0xFF,0xC0,0x00,0x00,0x00,0x00,0x00,0x00,0x00,0x00,0x00,0x00,0xFF,0xC0,0x00,0x00,0x00,0x00,0x00,0x00,0x00,0x00,0x00,0x00,0xFF,0xC0,0x00,0x00,0x00,0x00,0x00,0x00,0x00,0x00,0x00,0x00,0xFF,0xC0,0x00,0x00,0x00,0x00,0x00,0x00,0x00,0x00,0x00,0x00,0xFF,0xC0,0x00,0x00,0x00,0x00,0x00,0x00,0x00,0x00,0x00,0x00,0xFF,0xC0,0x00,0x00,0x00,0x00,0x00,0x00,0x00,0x00,0x00,0x00,0xFF,0xC0,0x00,0x00,0x00,0x00,0x00,0x00,0x00,0x00,0x00,0x00,0xFF,0xC0,0x00,0x00,0x00,0x00,0x00,0x00,0x00,0x00,0x00,0x00,0xFF,0xC0,0x00,0x00,0x00,0x00,0x00,0x00,0x00,0x00,0x00,0x00,0xFF,0xC0,0x00,0x00,0x00,0x00,0x00,0x00,0x00,0x00,0x00,0x00,0xFF,0xC0,0x00,0x00,0x00,0x00,0x00,0x00,0x00,0x00,0x00,0x00,0xFF,0xC0,0x00,0x00,0x00,0x00,0x00,0x00,0x00,0x00,0x00,0x00,0xFF,0xC0,0x00,0x00,0x00,0x00,0x00,0x00,0x00,0x00,0x00,0x00,0xFF,0xC0,0x00,0x00,0x00,0x00,0x00,0x00,0x00,0x00,0x00,0x00,0xFF,0xC0,0x00,0x00,0x00,0x00,0x00,0x00,0x00,0x00,0x00,0x00,0xFF,0xC0,0x00,0x00,0x00,0x00,0x00,0x00,0x00,0x00,0x00,0x00,0xFF,0x80,0x00,0x00,0x00,0x00,0x00,0x00,0x00,0x00,0x00,0x00,0x7F,0x00,0x00,0x00,0x00,0x00,0x00,0x00,0x00,0x00,0x00,0x00,0x3E,0x00,0x00,0x00,0x00,0x00,0x00,0x00,0x00,0x00,0x00,0x00,0x1C,0x00,0x00,0x00,0x00,0x00,0x00,0x00,0x00,0x00,0x00,0x00,0x08,0x00,0x00,0x00,0x00,0x00,0x00,0x00,0x00,0x00,0x00,0x00,0x00,0x00,0x00,0x00,0x00,0x00,0x00,0x00,0x00,0x00,0x00,0x00,0x00,0x00,0x00,0x00,0x00,0x00,0x00,0x00,0x00,0x00,0x00,0x00,0x00,0x00,0x00,0x00,0x00,0x00,0x00,0x00,0x00,0x00,0x00,0x00,0x00,0x00,0x00,0x00,0x00,0x00,0x00,0x00,0x00,0x00,0x00,0x00,0x00,0x00,0x00,0x00,0x00,0x00,0x00,0x00,0x00,0x00,0x00,0x00,0x00,0x00,0x00,0x00,0x00,0x00,0x00,0x00,0x00,0x00,0x00,0x00,0x00,0x00,0x00,0x00,0x00,0x00,0x00,0x00,0x00,0x00,0x00,0x00,0x00,0x00,0x00,0x00,0x00,0x00,0x00,0x00,0x00,0x00,0x00,0x00,0x00,0x00,0x00,0x00,0x00,0x00,0x00,0x00,0x00,0x00,0x00,0x00,0x00,0x00,0x00,0x00,0x00,0x00,0x00,0x00,0x00,0x00,0x00,0x00,0x00,0x00,0x00,0x00,0x00,0x00,0x00,0x00,0x00,0x00,0x00,0x00,0x00,0x00,0x00,0x00,0x00,0x00,0x00,0x00,0x00,0x00,0x00,0x00,0x00,0x00,  // 4
	0x00,0x00,0x00,0x00,0x00,0x00,0x00,0x00,0x00,0x00,0x00,0x00,0x00,0x00,0x00,0x00,0x00,0x00,0x00,0x00,0x00,0x00,0x00,0x00,0x00,0x00,0x00,0x00,0x00,0x00,0x00,0x00,0x00,0x00,0x00,0x00,0x00,0x00,0x00,0x00,0x00,0x00,0x00,0x00,0x00,0x00,0x00,0x00,0x00,0x00,0x00,0x00,0x00,0x00,0x00,0x00,0x00,0x00,0x00,0x00,0x00,0x00,0xFF,0xFF,0xFF,0xFF,0xFF,0xFF,0xFF,0xFC,0x00,0x00,0x00,0x01,0xFF,0xFF,0xFF,0xFF,0xFF,0xFF,0xFF,0xFE,0x00,0x00,0x00,0x03,0xFF,0xFF,0xFF,0xFF,0xFF,0xFF,0xFF,0xFF,0x00,0x00,0x00,0x07,0xFF,0xFF,0xFF,0xFF,0xFF,0xFF,0xFF,0xFF,0x80,0x00,0x00,0x0F,0xFF,0xFF,0xFF,0xFF,0xFF,0xFF,0xFF,0xFF,0xC0,0x00,0x00,0x1F,0xFF,0xFF,0xFF,0xFF,0xFF,0xFF,0xFF,0xFF,0xE0,0x00,0x00,0x0F,0xFF,0xFF,0xFF,0xFF,0xFF,0xFF,0xFF,0xFF,0xC0,0x00,0x00,0x07,0xFF,0xFF,0xFF,0xFF,0xFF,0xFF,0xFF,0xFF,0x80,0x00,0x00,0x43,0xFF,0xFF,0xFF,0xFF,0xFF,0xFF,0xFF,0xFF,0x00,0x00,0x00,0xE1,0xFF,0xFF,0xFF,0xFF,0xFF,0xFF,0xFF,0xFE,0x00,0x00,0x01,0xF0,0xFF,0xFF,0xFF,0xFF,0xFF,0xFF,0xFF,0xFC,0x00,0x00,0x03,0xF8,0x00,0x00,0x00,0x00,0x00,0x00,0x00,0x00,0x00,0x00,0x07,0xFC,0x00,0x00,0x00,0x00,0x00,0x00,0x00,0x00,0x00,0x00,0x0F,0xFC,0x00,0x00,0x00,0x00,0x00,0x00,0x00,0x00,0x00,0x00,0x0F,0xFC,0x00,0x00,0x00,0x00,0x00,0x00,0x00,0x00,0x00,0x00,0x0F,0xFC,0x00,0x00,0x00,0x00,0x00,0x00,0x00,0x00,0x00,0x00,0x0F,0xFC,0x00,0x00,0x00,0x00,0x00,0x00,0x00,0x00,0x00,0x00,0x0F,0xFC,0x00,0x00,0x00,0x00,0x00,0x00,0x00,0x00,0x00,0x00,0x0F,0xFC,0x00,0x00,0x00,0x00,0x00,0x00,0x00,0x00,0x00,0x00,0x0F,0xFC,0x00,0x00,0x00,0x00,0x00,0x00,0x00,0x00,0x00,0x00,0x0F,0xFC,0x00,0x00,0x00,0x00,0x00,0x00,0x00,0x00,0x00,0x00,0x0F,0xFC,0x00,0x00,0x00,0x00,0x00,0x00,0x00,0x00,0x00,0x00,0x0F,0xFC,0x00,0x00,0x00,0x00,0x00,0x00,0x00,0x00,0x00,0x00,0x0F,0xFC,0x00,0x00,0x00,0x00,0x00,0x00,0x00,0x00,0x00,0x00,0x0F,0xFC,0x00,0x00,0x00,0x00,0x00,0x00,0x00,0x00,0x00,0x00,0x0F,0xFC,0x00,0x00,0x00,0x00,0x00,0x00,0x00,0x00,0x00,0x00,0x0F,0xFC,0x00,0x00,0x00,0x00,0x00,0x00,0x00,0x00,0x00,0x00,0x0F,0xFC,0x00,0x00,0x00,0x00,0x00,0x00,0x00,0x00,0x00,0x00,0x0F,0xFC,0x00,0x00,0x00,0x00,0x00,0x00,0x00,0x00,0x00,0x00,0x0F,0xFC,0x00,0x00,0x00,0x00,0x00,0x00,0x00,0x00,0x00,0x00,0x0F,0xFC,0x00,0x00,0x00,0x00,0x00,0x00,0x00,0x00,0x00,0x00,0x0F,0xFC,0x00,0x00,0x00,0x00,0x00,0x00,0x00,0x00,0x00,0x00,0x0F,0xFC,0x00,0x00,0x00,0x00,0x00,0x00,0x00,0x00,0x00,0x00,0x0F,0xFC,0x00,0x00,0x00,0x00,0x00,0x00,0x00,0x00,0x00,0x00,0x0F,0xFC,0x00,0x00,0x00,0x00,0x00,0x00,0x00,0x00,0x00,0x00,0x0F,0xFC,0x00,0x00,0x00,0x00,0x00,0x00,0x00,0x00,0x00,0x00,0x0F,0xFC,0x00,0x00,0x00,0x00,0x00,0x00,0x00,0x00,0x00,0x00,0x0F,0xFC,0x00,0x00,0x00,0x00,0x00,0x00,0x00,0x00,0x00,0x00,0x0F,0xFC,0x00,0x00,0x00,0x00,0x00,0x00,0x00,0x00,0x00,0x00,0x0F,0xFC,0x00,0x00,0x00,0x00,0x00,0x00,0x00,0x00,0x00,0x00,0x0F,0xFC,0x00,0x00,0x00,0x00,0x00,0x00,0x00,0x00,0x00,0x00,0x0F,0xFC,0x00,0x00,0x00,0x00,0x00,0x00,0x00,0x00,0x00,0x00,0x0F,0xFC,0x00,0x00,0x00,0x00,0x00,0x00,0x00,0x00,0x00,0x00,0x0F,0xFC,0x00,0x00,0x00,0x00,0x00,0x00,0x00,0x00,0x00,0x00,0x0F,0xFC,0x00,0x00,0x00,0x00,0x00,0x00,0x00,0x00,0x00,0x00,0x0F,0xFC,0x00,0x00,0x00,0x00,0x00,0x00,0x00,0x00,0x00,0x00,0x0F,0xFC,0x00,0x00,0x00,0x00,0x00,0x00,0x00,0x00,0x00,0x00,0x0F,0xFC,0x00,0x00,0x00,0x00,0x00,0x00,0x00,0x00,0x00,0x00,0x0F,0xFC,0x00,0x00,0x00,0x00,0x00,0x00,0x00,0x00,0x00,0x00,0x0F,0xFC,0x00,0x00,0x00,0x00,0x00,0x00,0x00,0x00,0x00,0x00,0x0F,0xFC,0x00,0x00,0x00,0x00,0x00,0x00,0x00,0x00,0x00,0x00,0x0F,0xFC,0x00,0x00,0x00,0x00,0x00,0x00,0x00,0x00,0x00,0x00,0x0F,0xFC,0x00,0x00,0x00,0x00,0x00,0x00,0x00,0x00,0x00,0x00,0x0F,0xFC,0x00,0x00,0x00,0x00,0x00,0x00,0x00,0x00,0x00,0x00,0x0F,0xFC,0x00,0x00,0x00,0x00,0x00,0x00,0x00,0x00,0x00,0x00,0x0F,0xFC,0x00,0x00,0x00,0x00,0x00,0x00,0x00,0x00,0x00,0x00,0x0F,0xFC,0x00,0x00,0x00,0x00,0x00,0x00,0x00,0x00,0x00,0x00,0x0F,0xFC,0x00,0x00,0x00,0x00,0x00,0x00,0x00,0x00,0x00,0x00,0x0F,0xFC,0x00,0x00,0x00,0x00,0x00,0x00,0x00,0x00,0x00,0x00,0x0F,0xFC,0x00,0x00,0x00,0x00,0x00,0x00,0x00,0x00,0x00,0x00,0x07,0xF8,0x00,0x00,0x00,0x00,0x00,0x00,0x00,0x00,0x00,0x00,0x03,0xF0,0x00,0x00,0x00,0x00,0x00,0x00,0x00,0x00,0x00,0x00,0x01,0xE1,0xFF,0xFF,0xFF,0xFF,0xFF,0xFF,0xFF,0xFE,0x00,0x00,0x00,0xC3,0xFF,0xFF,0xFF,0xFF,0xFF,0xFF,0xFF,0xFF,0x00,0x00,0x00,0x07,0xFF,0xFF,0xFF,0xFF,0xFF,0xFF,0xFF,0xFF,0x80,0x00,0x00,0x07,0xFF,0xFF,0xFF,0xFF,0xFF,0xFF,0xFF,0xFF,0x80,0x00,0x00,0x0F,0xFF,0xFF,0xFF,0xFF,0xFF,0xFF,0xFF,0xFF,0xC0,0x00,0x00,0x0F,0xFF,0xFF,0xFF,0xFF,0xFF,0xFF,0xFF,0xFF,0xC0,0x00,0x00,0x07,0xFF,0xFF,0xFF,0xFF,0xFF,0xFF,0xFF,0xFF,0x80,0x00,0x00,0x07,0xFF,0xFF,0xFF,0xFF,0xFF,0xFF,0xFF,0xFF,0x80,0x00,0x00,0x03,0xFF,0xFF,0xFF,0xFF,0xFF,0xFF,0xFF,0xFF,0x0C,0x00,0x00,0x01,0xFF,0xFF,0xFF,0xFF,0xFF,0xFF,0xFF,0xFE,0x1E,0x00,0x00,0x00,0x00,0x00,0x00,0x00,0x00,0x00,0x00,0x00,0x3F,0x00,0x00,0x00,0x00,0x00,0x00,0x00,0x00,0x00,0x00,0x00,0x7F,0x80,0x00,0x00,0x00,0x00,0x00,0x00,0x00,0x00,0x00,0x00,0xFF,0xC0,0x00,0x00,0x00,0x00,0x00,0x00,0x00,0x00,0x00,0x00,0xFF,0xC0,0x00,0x00,0x00,0x00,0x00,0x00,0x00,0x00,0x00,0x00,0xFF,0xC0,0x00,0x00,0x00,0x00,0x00,0x00,0x00,0x00,0x00,0x00,0xFF,0xC0,0x00,0x00,0x00,0x00,0x00,0x00,0x00,0x00,0x00,0x00,0xFF,0xC0,0x00,0x00,0x00,0x00,0x00,0x00,0x00,0x00,0x00,0x00,0xFF,0xC0,0x00,0x00,0x00,0x00,0x00,0x00,0x00,0x00,0x00,0x00,0xFF,0xC0,0x00,0x00,0x00,0x00,0x00,0x00,0x00,0x00,0x00,0x00,0xFF,0xC0,0x00,0x00,0x00,0x00,0x00,0x00,0x00,0x00,0x00,0x00,0xFF,0xC0,0x00,0x00,0x00,0x00,0x00,0x00,0x00,0x00,0x00,0x00,0xFF,0xC0,0x00,0x00,0x00,0x00,0x00,0x00,0x00,0x00,0x00,0x00,0xFF,0xC0,0x00,0x00,0x00,0x00,0x00,0x00,0x00,0x00,0x00,0x00,0xFF,0xC0,0x00,0x00,0x00,0x00,0x00,0x00,0x00,0x00,0x00,0x00,0xFF,0xC0,0x00,0x00,0x00,0x00,0x00,0x00,0x00,0x00,0x00,0x00,0xFF,0xC0,0x00,0x00,0x00,0x00,0x00,0x00,0x00,0x00,0x00,0x00,0xFF,0xC0,0x00,0x00,0x00,0x00,0x00,0x00,0x00,0x00,0x00,0x00,0xFF,0xC0,0x00,0x00,0x00,0x00,0x00,0x00,0x00,0x00,0x00,0x00,0xFF,0xC0,0x00,0x00,0x00,0x00,0x00,0x00,0x00,0x00,0x00,0x00,0xFF,0xC0,0x00,0x00,0x00,0x00,0x00,0x00,0x00,0x00,0x00,0x00,0xFF,0xC0,0x00,0x00,0x00,0x00,0x00,0x00,0x00,0x00,0x00,0x00,0xFF,0xC0,0x00,0x00,0x00,0x00,0x00,0x00,0x00,0x00,0x00,0x00,0xFF,0xC0,0x00,0x00,0x00,0x00,0x00,0x00,0x00,0x00,0x00,0x00,0xFF,0xC0,0x00,0x00,0x00,0x00,0x00,0x00,0x00,0x00,0x00,0x00,0xFF,0xC0,0x00,0x00,0x00,0x00,0x00,0x00,0x00,0x00,0x00,0x00,0xFF,0xC0,0x00,0x00,0x00,0x00,0x00,0x00,0x00,0x00,0x00,0x00,0xFF,0xC0,0x00,0x00,0x00,0x00,0x00,0x00,0x00,0x00,0x00,0x00,0xFF,0xC0,0x00,0x00,0x00,0x00,0x00,0x00,0x00,0x00,0x00,0x00,0xFF,0xC0,0x00,0x00,0x00,0x00,0x00,0x00,0x00,0x00,0x00,0x00,0xFF,0xC0,0x00,0x00,0x00,0x00,0x00,0x00,0x00,0x00,0x00,0x00,0xFF,0xC0,0x00,0x00,0x00,0x00,0x00,0x00,0x00,0x00,0x00,0x00,0xFF,0xC0,0x00,0x00,0x00,0x00,0x00,0x00,0x00,0x00,0x00,0x00,0xFF,0xC0,0x00,0x00,0x00,0x00,0x00,0x00,0x00,0x00,0x00,0x00,0xFF,0xC0,0x00,0x00,0x00,0x00,0x00,0x00,0x00,0x00,0x00,0x00,0xFF,0xC0,0x00,0x00,0x00,0x00,0x00,0x00,0x00,0x00,0x00,0x00,0xFF,0xC0,0x00,0x00,0x00,0x00,0x00,0x00,0x00,0x00,0x00,0x00,0xFF,0xC0,0x00,0x00,0x00,0x00,0x00,0x00,0x00,0x00,0x00,0x00,0xFF,0xC0,0x00,0x00,0x00,0x00,0x00,0x00,0x00,0x00,0x00,0x00,0xFF,0xC0,0x00,0x00,0x00,0x00,0x00,0x00,0x00,0x00,0x00,0x00,0xFF,0xC0,0x00,0x00,0x00,0x00,0x00,0x00,0x00,0x00,0x00,0x00,0xFF,0xC0,0x00,0x00,0x00,0x00,0x00,0x00,0x00,0x00,0x00,0x00,0xFF,0xC0,0x00,0x00,0x00,0x00,0x00,0x00,0x00,0x00,0x00,0x00,0xFF,0xC0,0x00,0x00,0x00,0x00,0x00,0x00,0x00,0x00,0x00,0x00,0xFF,0xC0,0x00,0x00,0x00,0x00,0x00,0x00,0x00,0x00,0x00,0x00,0xFF,0xC0,0x00,0x00,0x00,0x00,0x00,0x00,0x00,0x00,0x00,0x00,0xFF,0xC0,0x00,0x00,0x00,0x00,0x00,0x00,0x00,0x00,0x00,0x00,0xFF,0xC0,0x00,0x00,0x00,0x00,0x00,0x00,0x00,0x00,0x00,0x00,0xFF,0xC0,0x00,0x00,0x00,0x00,0x00,0x00,0x00,0x00,0x00,0x00,0xFF,0xC0,0x00,0x00,0x00,0x00,0x00,0x00,0x00,0x00,0x00,0x00,0xFF,0x80,0x00,0x00,0x00,0x00,0x00,0x00,0x00,0x00,0x00,0x00,0x7F,0x00,0x00,0x00,0xFF,0xFF,0xFF,0xFF,0xFF,0xFF,0xFF,0xFC,0x3E,0x00,0x00,0x01,0xFF,0xFF,0xFF,0xFF,0xFF,0xFF,0xFF,0xFE,0x1C,0x00,0x00,0x03,0xFF,0xFF,0xFF,0xFF,0xFF,0xFF,0xFF,0xFF,0x08,0x00,0x00,0x07,0xFF,0xFF,0xFF,0xFF,0xFF,0xFF,0xFF,0xFF,0x80,0x00,0x00,0x0F,0xFF,0xFF,0xFF,0xFF,0xFF,0xFF,0xFF,0xFF,0xC0,0x00,0x00,0x1F,0xFF,0xFF,0xFF,0xFF,0xFF,0xFF,0xFF,0xFF,0xE0,0x00,0x00,0x0F,0xFF,0xFF,0xFF,0xFF,0xFF,0xFF,0xFF,0xFF,0xC0,0x00,0x00,0x07,0xFF,0xFF,0xFF,0xFF,0xFF,0xFF,0xFF,0xFF,0x80,0x00,0x00,0x03,0xFF,0xFF,0xFF,0xFF,0xFF,0xFF,0xFF,0xFF,0x00,0x00,0x00,0x01,0xFF,0xFF,0xFF,0xFF,0xFF,0xFF,0xFF,0xFE,0x00,0x00,0x00,0x00,0xFF,0xFF,0xFF,0xFF,0xFF,0xFF,0xFF,0xFC,0x00,0x00,0x00,0x00,0x00,0x00,0x00,0x00,0x00,0x00,0x00,0x00,0x00,0x00,0x00,0x00,0x00,0x00,0x00,0x00,0x00,0x00,0x00,0x00,0x00,0x00,0x00,0x00,0x00,0x00,0x00,0x00,0x00,0x00,0x00,0x00,0x00,0x00,0x00,0x00,0x00,0x00,0x00,0x00,0x00,0x00,0x00,0x00,0x00,0x00,0x00,0x00,0x00,0x00,0x00,0x00,0x00,0x00,0x00,0x00,0x00,0x00,  // 5
	0x00,0x00,0x00,0x00,0x00,0x00,0x00,0x00,0x00,0x00,0x00,0x00,0x00,0x00,0x00,0x00,0x00,0x00,0x00,0x00,0x00,0x00,0x00,0x00,0x00,0x00,0x00,0x00,0x00,0x00,0x00,0x00,0x00,0x00,0x00,0x00,0x00,0x00,0x00,0x00,0x00,0x00,0x00,0x00,0x00,0x00,0x00,0x00,0x00,0x00,0x00,0x00,0x00,0x00,0x00,0x00,0x00,0x00,0x00,0x00,0x00,0x00,0xFF,0xFF,0xFF,0xFF,0xFF,0xFF,0xFF,0xFC,0x00,0x00,0x00,0x01,0xFF,0xFF,0xFF,0xFF,0xFF,0xFF,0xFF,0xFE,0x00,0x00,0x00,0x03,0xFF,0xFF,0xFF,0xFF,0xFF,0xFF,0xFF,0xFF,0x00,0x00,0x00,0x07,0xFF,0xFF,0xFF,0xFF,0xFF,0xFF,0xFF,0xFF,0x80,0x00,0x00,0x0F,0xFF,0xFF,0xFF,0xFF,0xFF,0xFF,0xFF,0xFF,0xC0,0x00,0x00,0x1F,0xFF,0xFF,0xFF,0xFF,0xFF,0xFF,0xFF,0xFF,0xE0,0x00,0x00,0x0F,0xFF,0xFF,0xFF,0xFF,0xFF,0xFF,0xFF,0xFF,0xC0,0x00,0x00,0x07,0xFF,0xFF,0xFF,0xFF,0xFF,0xFF,0xFF,0xFF,0x80,0x00,0x00,0x43,0xFF,0xFF,0xFF,0xFF,0xFF,0xFF,0xFF,0xFF,0x00,0x00,0x00,0xE1,0xFF,0xFF,0xFF,0xFF,0xFF,0xFF,0xFF,0xFE,0x00,0x00,0x01,0xF0,0xFF,0xFF,0xFF,0xFF,0xFF,0xFF,0xFF,0xFC,0x00,0x00,0x03,0xF8,0x00,0x00,0x00,0x00,0x00,0x00,0x00,0x00,0x00,0x00,0x07,0xFC,0x00,0x00,0x00,0x00,0x00,0x00,0x00,0x00,0x00,0x00,0x0F,0xFC,0x00,0x00,0x00,0x00,0x00,0x00,0x00,0x00,0x00,0x00,0x0F,0xFC,0x00,0x00,0x00,0x00,0x00,0x00,0x00,0x00,0x00,0x00,0x0F,0xFC,0x00,0x00,0x00,0x00,0x00,0x00,0x00,0x00,0x00,0x00,0x0F,0xFC,0x00,0x00,0x00,0x00,0x00,0x00,0x00,0x00,0x00,0x00,0x0F,0xFC,0x00,0x00,0x00,0x00,0x00,0x00,0x00,0x00,0x00,0x00,0x0F,0xFC,0x00,0x00,0x00,0x00,0x00,0x00,0x00,0x00,0x00,0x00,0x0F,0xFC,0x00,0x00,0x00,0x00,0x00,0x00,0x00,0x00,0x00,0x00,0x0F,0xFC,0x00,0x00,0x00,0x00,0x00,0x00,0x00,0x00,0x00,0x00,0x0F,0xFC,0x00,0x00,0x00,0x00,0x00,0x00,0x00,0x00,0x00,0x00,0x0F,0xFC,0x00,0x00,0x00,0x00,0x00,0x00,0x00,0x00,0x00,0x00,0x0F,0xFC,0x00,0x00,0x00,0x00,0x00,0x00,0x00,0x00,0x00,0x00,0x0F,0xFC,0x00,0x00,0x00,0x00,0x00,0x00,0x00,0x00,0x00,0x00,0x0F,0xFC,0x00,0x00,0x00,0x00,0x00,0x00,0x00,0x00,0x00,0x00,0x0F,0xFC,0x00,0x00,0x00,0x00,0x00,0x00,0x00,0x00,0x00,0x00,0x0F,0xFC,0x00,0x00,0x00,0x00,0x00,0x00,0x00,0x00,0x00,0x00,0x0F,0xFC,0x00,0x00,0x00,0x00,0x00,0x00,0x00,0x00,0x00,0x00,0x0F,0xFC,0x00,0x00,0x00,0x00,0x00,0x00,0x00,0x00,0x00,0x00,0x0F,0xFC,0x00,0x00,0x00,0x00,0x00,0x00,0x00,0x00,0x00,0x00,0x0F,0xFC,0x00,0x00,0x00,0x00,0x00,0x00,0x00,0x00,0x00,0x00,0x0F,0xFC,0x00,0x00,0x00,0x00,0x00,0x00,0x00,0x00,0x00,0x00,0x0F,0xFC,0x00,0x00,0x00,0x00,0x00,0x00,0x00,0x00,0x00,0x00,0x0F,0xFC,0x00,0x00,0x00,0x00,0x00,0x00,0x00,0x00,0x00,0x00,0x0F,0xFC,0x00,0x00,0x00,0x00,0x00,0x00,0x00,0x00,0x00,0x00,0x0F,0xFC,0x00,0x00,0x00,0x00,0x00,0x00,0x00,0x00,0x00,0x00,0x0F,0xFC,0x00,0x00,0x00,0x00,0x00,0x00,0x00,0x00,0x00,0x00,0x0F,0xFC,0x00,0x00,0x00,0x00,0x00,0x00,0x00,0x00,0x00,0x00,0x0F,0xFC,0x00,0x00,0x00,0x00,0x00,0x00,0x00,0x00,0x00,0x00,0x0F,0xFC,0x00,0x00,0x00,0x00,0x00,0x00,0x00,0x00,0x00,0x00,0x0F,0xFC,0x00,0x00,0x00,0x00,0x00,0x00,0x00,0x00,0x00,0x00,0x0F,0xFC,0x00,0x00,0x00,0x00,0x00,0x00,0x00,0x00,0x00,0x00,0x0F,0xFC,0x00,0x00,0x00,0x00,0x00,0x00,0x00,0x00,0x00,0x00,0x0F,0xFC,0x00,0x00,0x00,0x00,0x00,0x00,0x00,0x00,0x00,0x00,0x0F,0xFC,0x00,0x00,0x00,0x00,0x00,0x00,0x00,0x00,0x00,0x00,0x0F,0xFC,0x00,0x00,0x00,0x00,0x00,0x00,0x00,0x00,0x00,0x00,0x0F,0xFC,0x00,0x00,0x00,0x00,0x00,0x00,0x00,0x00,0x00,0x00,0x0F,0xFC,0x00,0x00,0x00,0x00,0x00,0x00,0x00,0x00,0x00,0x00,0x0F,0xFC,0x00,0x00,0x00,0x00,0x00,0x00,0x00,0x00,0x00,0x00,0x0F,0xFC,0x00,0x00,0x00,0x00,0x00,0x00,0x00,0x00,0x00,0x00,0x0F,0xFC,0x00,0x00,0x00,0x00,0x00,0x00,0x00,0x00,0x00,0x00,0x0F,0xFC,0x00,0x00,0x00,0x00,0x00,0x00,0x00,0x00,0x00,0x00,0x0F,0xFC,0x00,0x00,0x00,0x00,0x00,0x00,0x00,0x00,0x00,0x00,0x0F,0xFC,0x00,0x00,0x00,0x00,0x00,0x00,0x00,0x00,0x00,0x00,0x0F,0xFC,0x00,0x00,0x00,0x00,0x00,0x00,0x00,0x00,0x00,0x00,0x0F,0xFC,0x00,0x00,0x00,0x00,0x00,0x00,0x00,0x00,0x00,0x00,0x0F,0xFC,0x00,0x00,0x00,0x00,0x00,0x00,0x00,0x00,0x00,0x00,0x0F,0xFC,0x00,0x00,0x00,0x00,0x00,0x00,0x00,0x00,0x00,0x00,0x0F,0xFC,0x00,0x00,0x00,0x00,0x00,0x00,0x00,0x00,0x00,0x00,0x07,0xF8,0x00,0x00,0x00,0x00,0x00,0x00,0x00,0x00,0x00,0x00,0x03,0xF0,0x00,0x00,0x00,0x00,0x00,0x00,0x00,0x00,0x00,0x00,0x01,0xE1,0xFF,0xFF,0xFF,0xFF,0xFF,0xFF,0xFF,0xFE,0x00,0x00,0x00,0xC3,0xFF,0xFF,0xFF,0xFF,0xFF,0xFF,0xFF,0xFF,0x00,0x00,0x00,0x07,0xFF,0xFF,0xFF,0xFF,0xFF,0xFF,0xFF,0xFF,0x80,0x00,0x00,0x07,0xFF,0xFF,0xFF,0xFF,0xFF,0xFF,0xFF,0xFF,0x80,0x00,0x00,0x0F,0xFF,0xFF,0xFF,0xFF,0xFF,0xFF,0xFF,0xFF,0xC0,0x00,0x00,0x0F,0xFF,0xFF,0xFF,0xFF,0xFF,0xFF,0xFF,0xFF,0xC0,0x00,0x00,0x07,0xFF,0xFF,0xFF,0xFF,0xFF,0xFF,0xFF,0xFF,0x80,0x00,0x00,0x07,0xFF,0xFF,0xFF,0xFF,0xFF,0xFF,0xFF,0xFF,0x80,0x00,0x00,0xC3,0xFF,0xFF,0xFF,0xFF,0xFF,0xFF,0xFF,0xFF,0x0C,0x00,0x01,0xE1,0xFF,0xFF,0xFF,0xFF,0xFF,0xFF,0xFF,0xFE,0x1E,0x00,0x03,0xF0,0x00,0x00,0x00,0x00,0x00,0x00,0x00,0x00,0x3F,0x00,0x07,0xF8,0x00,0x00,0x00,0x00,0x00,0x00,0x00,0x00,0x7F,0x80,0x0F,0xFC,0x00,0x00,0x00,0x00,0x00,0x00,0x00,0x00,0xFF,0xC0,0x0F,0xFC,0x00,0x00,0x00,0x00,0x00,0x00,0x00,0x00,0xFF,0xC0,0x0F,0xFC,0x00,0x00,0x00,0x00,0x00,0x00,0x00,0x00,0xFF,0xC0,0x0F,0xFC,0x00,0x00,0x00,0x00,0x00,0x00,0x00,0x00,0xFF,0xC0,0x0F,0xFC,0x00,0x00,0x00,0x00,0x00,0x00,0x00,0x00,0xFF,0xC0,0x0F,0xFC,0x00,0x00,0x00,0x00,0x00,0x00,0x00,0x00,0xFF,0xC0,0x0F,0xFC,0x00,0x00,0x00,0x00,0x00,0x00,0x00,0x00,0xFF,0xC0,0x0F,0xFC,0x00,0x00,0x00,0x00,0x00,0x00,0x00,0x00,0xFF,0xC0,0x0F,0xFC,0x00,0x00,0x00,0x00,0x00,0x00,0x00,0x00,0xFF,0xC0,0x0F,0xFC,0x00,0x00,0x00,0x00,0x00,0x00,0x00,0x00,0xFF,0xC0,0x0F,0xFC,0x00,0x00,0x00,0x00,0x00,0x00,0x00,0x00,0xFF,0xC0,0x0F,0xFC,0x00,0x00,0x00,0x00,0x00,0x00,0x00,0x00,0xFF,0xC0,0x0F,0xFC,0x00,0x00,0x00,0x00,0x00,0x00,0x00,0x00,0xFF,0xC0,0x0F,0xFC,0x00,0x00,0x00,0x00,0x00,0x00,0x00,0x00,0xFF,0xC0,0x0F,0xFC,0x00,0x00,0x00,0x00,0x00,0x00,0x00,0x00,0xFF,0xC0,0x0F,0xFC,0x00,0x00,0x00,0x00,0x00,0x00,0x00,0x00,0xFF,0xC0,0x0F,0xFC,0x00,0x00,0x00,0x00,0x00,0x00,0x00,0x00,0xFF,0xC0,0x0F,0xFC,0x00,0x00,0x00,0x00,0x00,0x00,0x00,0x00,0xFF,0xC0,0x0F,0xFC,0x00,0x00,0x00,0x00,0x00,0x00,0x00,0x00,0xFF,0xC0,0x0F,0xFC,0x00,0x00,0x00,0x00,0x00,0x00,0x00,0x00,0xFF,0xC0,0x0F,0xFC,0x00,0x00,0x00,0x00,0x00,0x00,0x00,0x00,0xFF,0xC0,0x0F,0xFC,0x00,0x00,0x00,0x00,0x00,0x00,0x00,0x00,0xFF,0xC0,0x0F,0xFC,0x00,0x00,0x00,0x00,0x00,0x00,0x00,0x00,0xFF,0xC0,0x0F,0xFC,0x00,0x00,0x00,0x00,0x00,0x00,0x00,0x00,0xFF,0xC0,0x0F,0xFC,0x00,0x00,0x00,0x00,0x00,0x00,0x00,0x00,0xFF,0xC0,0x0F,0xFC,0x00,0x00,0x00,0x00,0x00,0x00,0x00,0x00,0xFF,0xC0,0x0F,0xFC,0x00,0x00,0x00,0x00,0x00,0x00,0x00,0x00,0xFF,0xC0,0x0F,0xFC,0x00,0x00,0x00,0x00,0x00,0x00,0x00,0x00,0xFF,0xC0,0x0F,0xFC,0x00,0x00,0x00,0x00,0x00,0x00,0x00,0x00,0xFF,0xC0,0x0F,0xFC,0x00,0x00,0x00,0x00,0x00,0x00,0x00,0x00,0xFF,0xC0,0x0F,0xFC,0x00,0x00,0x00,0x00,0x00,0x00,0x00,0x00,0xFF,0xC0,0x0F,0xFC,0x00,0x00,0x00,0x00,0x00,0x00,0x00,0x00,0xFF,0xC0,0x0F,0xFC,0x00,0x00,0x00,0x00,0x00,0x00,0x00,0x00,0xFF,0xC0,0x0F,0xFC,0x00,0x00,0x00,0x00,0x00,0x00,0x00,0x00,0xFF,0xC0,0x0F,0xFC,0x00,0x00,0x00,0x00,0x00,0x00,0x00,0x00,0xFF,0xC0,0x0F,0xFC,0x00,0x00,0x00,0x00,0x00,0x00,0x00,0x00,0xFF,0xC0,0x0F,0xFC,0x00,0x00,0x00,0x00,0x00,0x00,0x00,0x00,0xFF,0xC0,0x0F,0xFC,0x00,0x00,0x00,0x00,0x00,0x00,0x00,0x00,0xFF,0xC0,0x0F,0xFC,0x00,0x00,0x00,0x00,0x00,0x00,0x00,0x00,0xFF,0xC0,0x0F,0xFC,0x00,0x00,0x00,0x00,0x00,0x00,0x00,0x00,0xFF,0xC0,0x0F,0xFC,0x00,0x00,0x00,0x00,0x00,0x00,0x00,0x00,0xFF,0xC0,0x0F,0xFC,0x00,0x00,0x00,0x00,0x00,0x00,0x00,0x00,0xFF,0xC0,0x0F,0xFC,0x00,0x00,0x00,0x00,0x00,0x00,0x00,0x00,0xFF,0xC0,0x0F,0xFC,0x00,0x00,0x00,0x00,0x00,0x00,0x00,0x00,0xFF,0xC0,0x0F,0xFC,0x00,0x00,0x00,0x00,0x00,0x00,0x00,0x00,0xFF,0xC0,0x0F,0xFC,0x00,0x00,0x00,0x00,0x00,0x00,0x00,0x00,0xFF,0xC0,0x0F,0xFC,0x00,0x00,0x00,0x00,0x00,0x00,0x00,0x00,0xFF,0xC0,0x07,0xFC,0x00,0x00,0x00,0x00,0x00,0x00,0x00,0x00,0xFF,0x80,0x03,0xF8,0x00,0x00,0x00,0x00,0x00,0x00,0x00,0x00,0x7F,0x00,0x01,0xF0,0xFF,0xFF,0xFF,0xFF,0xFF,0xFF,0xFF,0xFC,0x3E,0x00,0x00,0xE1,0xFF,0xFF,0xFF,0xFF,0xFF,0xFF,0xFF,0xFE,0x1C,0x00,0x00,0x43,0xFF,0xFF,0xFF,0xFF,0xFF,0xFF,0xFF,0xFF,0x08,0x00,0x00,0x07,0xFF,0xFF,0xFF,0xFF,0xFF,0xFF,0xFF,0xFF,0x80,0x00,0x00,0x0F,0xFF,0xFF,0xFF,0xFF,0xFF,0xFF,0xFF,0xFF,0xC0,0x00,0x00,0x1F,0xFF,0xFF,0xFF,0xFF,0xFF,0xFF,0xFF,0xFF,0xE0,0x00,0x00,0x0F,0xFF,0xFF,0xFF,0xFF,0xFF,0xFF,0xFF,0xFF,0xC0,0x00,0x00,0x07,0xFF,0xFF,0xFF,0xFF,0xFF,0xFF,0xFF,0xFF,0x80,0x00,0x00,0x03,0xFF,0xFF,0xFF,0xFF,0xFF,0xFF,0xFF,0xFF,0x00,0x00,0x00,0x01,0xFF,0xFF,0xFF,0xFF,0xFF,0xFF,0xFF,0xFE,0x00,0x00,0x00,0x00,0xFF,0xFF,0xFF,0xFF,0xFF,0xFF,0xFF,0xFC,0x00,0x00,0x00,0x00,0x00,0x00,0x00,0x00,0x00,0x00,0x00,0x00,0x00,0x00,0x00,0x00,0x00,0x00,0x00,0x00,0x00,0x00,0x00,0x00,0x00,0x00,0x00,0x00,0x00,0x00,0x00,0x00,0x00,0x00,0x00,0x00,0x00,0x00,0x00,0x00,0x00,0x00,0x00,0x00,0x00,0x00,0x00,0x00,0x00,0x00,0x00,0x00,0x00,0x00,0x00,0x00,0x00,0x00,0x00,0x00,0x00,0x00,  // 6
	0x00,0x00,0x00,0x00,0x00,0x00,0x00,0x00,0x00,0x00,0x00,0x00,0x00,0x00,0x00,0x00,0x00,0x00,0x00,0x00,0x00,0x00,0x00,0x00,0x00,0x00,0x00,0x00,0x00,0x00,0x00,0x00,0x00,0x00,0x00,0x00,0x00,0x00,0x00,0x00,0x00,0x00,0x00,0x00,0x00,0x00,0x00,0x00,0x00,0x00,0x00,0x00,0x00,0x00,0x00,0x00,0x00,0x00,0x00,0x00,0x00,0x00,0xFF,0xFF,0xFF,0xFF,0xFF,0xFF,0xFF,0xFC,0x00,0x00,0x00,0x01,0xFF,0xFF,0xFF,0xFF,0xFF,0xFF,0xFF,0xFE,0x00,0x00,0x00,0x03,0xFF,0xFF,0xFF,0xFF,0xFF,0xFF,0xFF,0xFF,0x00,0x00,0x00,0x07,0xFF,0xFF,0xFF,0xFF,0xFF,0xFF,0xFF,0xFF,0x80,0x00,0x00,0x0F,0xFF,0xFF,0xFF,0xFF,0xFF,0xFF,0xFF,0xFF,0xC0,0x00,0x00,0x1F,0xFF,0xFF,0xFF,0xFF,0xFF,0xFF,0xFF,0xFF,0xE0,0x00,0x00,0x0F,0xFF,0xFF,0xFF,0xFF,0xFF,0xFF,0xFF,0xFF,0xC0,0x00,0x00,0x07,0xFF,0xFF,0xFF,0xFF,0xFF,0xFF,0xFF,0xFF,0x80,0x00,0x00,0x03,0xFF,0xFF,0xFF,0xFF,0xFF,0xFF,0xFF,0xFF,0x08,0x00,0x00,0x01,0xFF,0xFF,0xFF,0xFF,0xFF,0xFF,0xFF,0xFE,0x1C,0x00,0x00,0x00,0xFF,0xFF,0xFF,0xFF,0xFF,0xFF,0xFF,0xFC,0x3E,0x00,0x00,0x00,0x00,0x00,0x00,0x00,0x00,0x00,0x00,0x00,0x7F,0x00,0x00,0x00,0x00,0x00,0x00,0x00,0x00,0x00,0x00,0x00,0xFF,0x80,0x00,0x00,0x00,0x00,0x00,0x00,0x00,0x00,0x00,0x00,0xFF,0xC0,0x00,0x00,0x00,0x00,0x00,0x00,0x00,0x00,0x00,0x00,0xFF,0xC0,0x00,0x00,0x00,0x00,0x00,0x00,0x00,0x00,0x00,0x00,0xFF,0xC0,0x00,0x00,0x00,0x00,0x00,0x00,0x00,0x00,0x00,0x00,0xFF,0xC0,0x00,0x00,0x00,0x00,0x00,0x00,0x00,0x00,0x00,0x00,0xFF,0xC0,0x00,0x00,0x00,0x00,0x00,0x00,0x00,0x00,0x00,0x00,0xFF,0xC0,0x00,0x00,0x00,0x00,0x00,0x00,0x00,0x00,0x00,0x00,0xFF,0xC0,0x00,0x00,0x00,0x00,0x00,0x00,0x00,0x00,0x00,0x00,0xFF,0xC0,0x00,0x00,0x00,0x00,0x00,0x00,0x00,0x00,0x00,0x00,0xFF,0xC0,0x00,0x00,0x00,0x00,0x00,0x00,0x00,0x00,0x00,0x00,0xFF,0xC0,0x00,0x00,0x00,0x00,0x00,0x00,0x00,0x00,0x00,0x00,0xFF,0xC0,0x00,0x00,0x00,0x00,0x00,0x00,0x00,0x00,0x00,0x00,0xFF,0xC0,0x00,0x00,0x00,0x00,0x00,0x00,0x00,0x00,0x00,0x00,0xFF,0xC0,0x00,0x00,0x00,0x00,0x00,0x00,0x00,0x00,0x00,0x00,0xFF,0xC0,0x00,0x00,0x00,0x00,0x00,0x00,0x00,0x00,0x00,0x00,0xFF,0xC0,0x00,0x00,0x00,0x00,0x00,0x00,0x00,0x00,0x00,0x00,0xFF,0xC0,0x00,0x00,0x00,0x00,0x00,0x00,0x00,0x00,0x00,0x00,0xFF,0xC0,0x00,0x00,0x00,0x00,0x00,0x00,0x00,0x00,0x00,0x00,0xFF,0xC0,0x00,0x00,0x00,0x00,0x00,0x00,0x00,0x00,0x00,0x00,0xFF,0xC0,0x00,0x00,0x00,0x00,0x00,0x00,0x00,0x00,0x00,0x00,0xFF,0xC0,0x00,0x00,0x00,0x00,0x00,0x00,0x00,0x00,0x00,0x00,0xFF,0xC0,0x00,0x00,0x00,0x00,0x00,0x00,0x00,0x00,0x00,0x00,0xFF,0xC0,0x00,0x00,0x00,0x00,0x00,0x00,0x00,0x00,0x00,0x00,0xFF,0xC0,0x00,0x00,0x00,0x00,0x00,0x00,0x00,0x00,0x00,0x00,0xFF,0xC0,0x00,0x00,0x00,0x00,0x00,0x00,0x00,0x00,0x00,0x00,0xFF,0xC0,0x00,0x00,0x00,0x00,0x00,0x00,0x00,0x00,0x00,0x00,0xFF,0xC0,0x00,0x00,0x00,0x00,0x00,0x00,0x00,0x00,0x00,0x00,0xFF,0xC0,0x00,0x00,0x00,0x00,0x00,0x00,0x00,0x00,0x00,0x00,0xFF,0xC0,0x00,0x00,0x00,0x00,0x00,0x00,0x00,0x00,0x00,0x00,0xFF,0xC0,0x00,0x00,0x00,0x00,0x00,0x00,0x00,0x00,0x00,0x00,0xFF,0xC0,0x00,0x00,0x00,0x00,0x00,0x00,0x00,0x00,0x00,0x00,0xFF,0xC0,0x00,0x00,0x00,0x00,0x00,0x00,0x00,0x00,0x00,0x00,0xFF,0xC0,0x00,0x00,0x00,0x00,0x00,0x00,0x00,0x00,0x00,0x00,0xFF,0xC0,0x00,0x00,0x00,0x00,0x00,0x00,0x00,0x00,0x00,0x00,0xFF,0xC0,0x00,0x00,0x00,0x00,0x00,0x00,0x00,0x00,0x00,0x00,0xFF,0xC0,0x00,0x00,0x00,0x00,0x00,0x00,0x00,0x00,0x00,0x00,0xFF,0xC0,0x00,0x00,0x00,0x00,0x00,0x00,0x00,0x00,0x00,0x00,0xFF,0xC0,0x00,0x00,0x00,0x00,0x00,0x00,0x00,0x00,0x00,0x00,0xFF,0xC0,0x00,0x00,0x00,0x00,0x00,0x00,0x00,0x00,0x00,0x00,0xFF,0xC0,0x00,0x00,0x00,0x00,0x00,0x00,0x00,0x00,0x00,0x00,0xFF,0xC0,0x00,0x00,0x00,0x00,0x00,0x00,0x00,0x00,0x00,0x00,0xFF,0xC0,0x00,0x00,0x00,0x00,0x00,0x00,0x00,0x00,0x00,0x00,0xFF,0xC0,0x00,0x00,0x00,0x00,0x00,0x00,0x00,0x00,0x00,0x00,0xFF,0xC0,0x00,0x00,0x00,0x00,0x00,0x00,0x00,0x00,0x00,0x00,0xFF,0xC0,0x00,0x00,0x00,0x00,0x00,0x00,0x00,0x00,0x00,0x00,0xFF,0xC0,0x00,0x00,0x00,0x00,0x00,0x00,0x00,0x00,0x00,0x00,0xFF,0xC0,0x00,0x00,0x00,0x00,0x00,0x00,0x00,0x00,0x00,0x00,0xFF,0xC0,0x00,0x00,0x00,0x00,0x00,0x00,0x00,0x00,0x00,0x00,0x7F,0x80,0x00,0x00,0x00,0x00,0x00,0x00,0x00,0x00,0x00,0x00,0x3F,0x00,0x00,0x00,0x00,0x00,0x00,0x00,0x00,0x00,0x00,0x00,0x1E,0x00,0x00,0x00,0x00,0x00,0x00,0x00,0x00,0x00,0x00,0x00,0x0C,0x00,0x00,0x00,0x00,0x00,0x00,0x00,0x00,0x00,0x00,0x00,0x00,0x00,0x00,0x00,0x00,0x00,0x00,0x00,0x00,0x00,0x00,0x00,0x00,0x00,0x00,0x00,0x00,0x00,0x00,0x00,0x00,0x00,0x00,0x00,0x00,0x00,0x00,0x00,0x00,0x00,0x00,0x00,0x00,0x00,0x00,0x00,0x00,0x00,0x00,0x00,0x00,0x00,0x00,0x00,0x00,0x00,0x00,0x00,0x00,0x00,0x00,0x00,0x00,0x00,0x00,0x00,0x00,0x00,0x00,0x00,0x00,0x00,0x00,0x00,0x00,0x00,0x00,0x00,0x00,0x00,0x00,0x00,0x0C,0x00,0x00,0x00,0x00,0x00,0x00,0x00,0x00,0x00,0x00,0x00,0x1E,0x00,0x00,0x00,0x00,0x00,0x00,0x00,0x00,0x00,0x00,0x00,0x3F,0x00,0x00,0x00,0x00,0x00,0x00,0x00,0x00,0x00,0x00,0x00,0x7F,0x80,0x00,0x00,0x00,0x00,0x00,0x00,0x00,0x00,0x00,0x00,0xFF,0xC0,0x00,0x00,0x00,0x00,0x00,0x00,0x00,0x00,0x00,0x00,0xFF,0xC0,0x00,0x00,0x00,0x00,0x00,0x00,0x00,0x00,0x00,0x00,0xFF,0xC0,0x00,0x00,0x00,0x00,0x00,0x00,0x00,0x00,0x00,0x00,0xFF,0xC0,0x00,0x00,0x00,0x00,0x00,0x00,0x00,0x00,0x00,0x00,0xFF,0xC0,0x00,0x00,0x00,0x00,0x00,0x00,0x00,0x00,0x00,0x00,0xFF,0xC0,0x00,0x00,0x00,0x00,0x00,0x00,0x00,0x00,0x00,0x00,0xFF,0xC0,0x00,0x00,0x00,0x00,0x00,0x00,0x00,0x00,0x00,0x00,0xFF,0xC0,0x00,0x00,0x00,0x00,0x00,0x00,0x00,0x00,0x00,0x00,0xFF,0xC0,0x00,0x00,0x00,0x00,0x00,0x00,0x00,0x00,0x00,0x00,0xFF,0xC0,0x00,0x00,0x00,0x00,0x00,0x00,0x00,0x00,0x00,0x00,0xFF,0xC0,0x00,0x00,0x00,0x00,0x00,0x00,0x00,0x00,0x00,0x00,0xFF,0xC0,0x00,0x00,0x00,0x00,0x00,0x00,0x00,0x00,0x00,0x00,0xFF,0xC0,0x00,0x00,0x00,0x00,0x00,0x00,0x00,0x00,0x00,0x00,0xFF,0xC0,0x00,0x00,0x00,0x00,0x00,0x00,0x00,0x00,0x00,0x00,0xFF,0xC0,0x00,0x00,0x00,0x00,0x00,0x00,0x00,0x00,0x00,0x00,0xFF,0xC0,0x00,0x00,0x00,0x00,0x00,0x00,0x00,0x00,0x00,0x00,0xFF,0xC0,0x00,0x00,0x00,0x00,0x00,0x00,0x00,0x00,0x00,0x00,0xFF,0xC0,0x00,0x00,0x00,0x00,0x00,0x00,0x00,0x00,0x00,0x00,0xFF,0xC0,0x00,0x00,0x00,0x00,0x00,0x00,0x00,0x00,0x00,0x00,0xFF,0xC0,0x00,0x00,0x00,0x00,0x00,0x00,0x00,0x00,0x00,0x00,0xFF,0xC0,0x00,0x00,0x00,0x00,0x00,0x00,0x00,0x00,0x00,0x00,0xFF,0xC0,0x00,0x00,0x00,0x00,0x00,0x00,0x00,0x00,0x00,0x00,0xFF,0xC0,0x00,0x00,0x00,0x00,0x00,0x00,0x00,0x00,0x00,0x00,0xFF,0xC0,0x00,0x00,0x00,0x00,0x00,0x00,0x00,0x00,0x00,0x00,0xFF,0xC0,0x00,0x00,0x00,0x00,0x00,0x00,0x00,0x00,0x00,0x00,0xFF,0xC0,0x00,0x00,0x00,0x00,0x00,0x00,0x00,0x00,0x00,0x00,0xFF,0xC0,0x00,0x00,0x00,0x00,0x00,0x00,0x00,0x00,0x00,0x00,0xFF,0xC0,0x00,0x00,0x00,0x00,0x00,0x00,0x00,0x00,0x00,0x00,0xFF,0xC0,0x00,0x00,0x00,0x00,0x00,0x00,0x00,0x00,0x00,0x00,0xFF,0xC0,0x00,0x00,0x00,0x00,0x00,0x00,0x00,0x00,0x00,0x00,0xFF,0xC0,0x00,0x00,0x00,0x00,0x00,0x00,0x00,0x00,0x00,0x00,0xFF,0xC0,0x00,0x00,0x00,0x00,0x00,0x00,0x00,0x00,0x00,0x00,0xFF,0xC0,0x00,0x00,0x00,0x00,0x00,0x00,0x00,0x00,0x00,0x00,0xFF,0xC0,0x00,0x00,0x00,0x00,0x00,0x00,0x00,0x00,0x00,0x00,0xFF,0xC0,0x00,0x00,0x00,0x00,0x00,0x00,0x00,0x00,0x00,0x00,0xFF,0xC0,0x00,0x00,0x00,0x00,0x00,0x00,0x00,0x00,0x00,0x00,0xFF,0xC0,0x00,0x00,0x00,0x00,0x00,0x00,0x00,0x00,0x00,0x00,0xFF,0xC0,0x00,0x00,0x00,0x00,0x00,0x00,0x00,0x00,0x00,0x00,0xFF,0xC0,0x00,0x00,0x00,0x00,0x00,0x00,0x00,0x00,0x00,0x00,0xFF,0xC0,0x00,0x00,0x00,0x00,0x00,0x00,0x00,0x00,0x00,0x00,0xFF,0xC0,0x00,0x00,0x00,0x00,0x00,0x00,0x00,0x00,0x00,0x00,0xFF,0xC0,0x00,0x00,0x00,0x00,0x00,0x00,0x00,0x00,0x00,0x00,0xFF,0xC0,0x00,0x00,0x00,0x00,0x00,0x00,0x00,0x00,0x00,0x00,0xFF,0xC0,0x00,0x00,0x00,0x00,0x00,0x00,0x00,0x00,0x00,0x00,0xFF,0xC0,0x00,0x00,0x00,0x00,0x00,0x00,0x00,0x00,0x00,0x00,0xFF,0xC0,0x00,0x00,0x00,0x00,0x00,0x00,0x00,0x00,0x00,0x00,0xFF,0xC0,0x00,0x00,0x00,0x00,0x00,0x00,0x00,0x00,0x00,0x00,0xFF,0x80,0x00,0x00,0x00,0x00,0x00,0x00,0x00,0x00,0x00,0x00,0x7F,0x00,0x00,0x00,0x00,0x00,0x00,0x00,0x00,0x00,0x00,0x00,0x3E,0x00,0x00,0x00,0x00,0x00,0x00,0x00,0x00,0x00,0x00,0x00,0x1C,0x00,0x00,0x00,0x00,0x00,0x00,0x00,0x00,0x00,0x00,0x00,0x08,0x00,0x00,0x00,0x00,0x00,0x00,0x00,0x00,0x00,0x00,0x00,0x00,0x00,0x00,0x00,0x00,0x00,0x00,0x00,0x00,0x00,0x00,0x00,0x00,0x00,0x00,0x00,0x00,0x00,0x00,0x00,0x00,0x00,0x00,0x00,0x00,0x00,0x00,0x00,0x00,0x00,0x00,0x00,0x00,0x00,0x00,0x00,0x00,0x00,0x00,0x00,0x00,0x00,0x00,0x00,0x00,0x00,0x00,0x00,0x00,0x00,0x00,0x00,0x00,0x00,0x00,0x00,0x00,0x00,0x00,0x00,0x00,0x00,0x00,0x00,0x00,0x00,0x00,0x00,0x00,0x00,0x00,0x00,0x00,0x00,0x00,0x00,0x00,0x00,0x00,0x00,0x00,0x00,0x00,0x00,0x00,0x00,0x00,0x00,0x00,0x00,0x00,0x00,0x00,0x00,0x00,0x00,0x00,0x00,0x00,0x00,0x00,0x00,0x00,0x00,0x00,0x00,0x00,0x00,0x00,0x00,0x00,0x00,0x00,0x00,0x00,0x00,0x00,0x00,0x00,0x00,0x00,0x00,0x00,0x00,0x00,0x00,0x00,0x00,0x00,0x00,0x00,0x00,0x00,0x00,0x00,0x00,0x00,0x00,0x00,0x00,0x00,0x00,0x00,0x00,0x00,0x00,  // 7
	0x00,0x00,0x00,0x00,0x00,0x00,0x00,0x00,0x00,0x00,0x00,0x00,0x00,0x00,0x00,0x00,0x00,0x00,0x00,0x00,0x00,0x00,0x00,0x00,0x00,0x00,0x00,0x00,0x00,0x00,0x00,0x00,0x00,0x00,0x00,0x00,0x00,0x00,0x00,0x00,0x00,0x00,0x00,0x00,0x00,0x00,0x00,0x00,0x00,0x00,0x00,0x00,0x00,0x00,0x00,0x00,0x00,0x00,0x00,0x00,0x00,0x00,0xFF,0xFF,0xFF,0xFF,0xFF,0xFF,0xFF,0xFC,0x00,0x00,0x00,0x01,0xFF,0xFF,0xFF,0xFF,0xFF,0xFF,0xFF,0xFE,0x00,0x00,0x00,0x03,0xFF,0xFF,0xFF,0xFF,0xFF,0xFF,0xFF,0xFF,0x00,0x00,0x00,0x07,0xFF,0xFF,0xFF,0xFF,0xFF,0xFF,0xFF,0xFF,0x80,0x00,0x00,0x0F,0xFF,0xFF,0xFF,0xFF,0xFF,0xFF,0xFF,0xFF,0xC0,0x00,0x00,0x1F,0xFF,0xFF,0xFF,0xFF,0xFF,0xFF,0xFF,0xFF,0xE0,0x00,0x00,0x0F,0xFF,0xFF,0xFF,0xFF,0xFF,0xFF,0xFF,0xFF,0xC0,0x00,0x00,0x07,0xFF,0xFF,0xFF,0xFF,0xFF,0xFF,0xFF,0xFF,0x80,0x00,0x00,0x43,0xFF,0xFF,0xFF,0xFF,0xFF,0xFF,0xFF,0xFF,0x08,0x00,0x00,0xE1,0xFF,0xFF,0xFF,0xFF,0xFF,0xFF,0xFF,0xFE,0x1C,0x00,0x01,0xF0,0xFF,0xFF,0xFF,0xFF,0xFF,0xFF,0xFF,0xFC,0x3E,0x00,0x03,0xF8,0x00,0x00,0x00,0x00,0x00,0x00,0x00,0x00,0x7F,0x00,0x07,0xFC,0x00,0x00,0x00,0x00,0x00,0x00,0x00,0x00,0xFF,0x80,0x0F,0xFC,0x00,0x00,0x00,0x00,0x00,0x00,0x00,0x00,0xFF,0xC0,0x0F,0xFC,0x00,0x00,0x00,0x00,0x00,0x00,0x00,0x00,0xFF,0xC0,0x0F,0xFC,0x00,0x00,0x00,0x00,0x00,0x00,0x00,0x00,0xFF,0xC0,0x0F,0xFC,0x00,0x00,0x00,0x00,0x00,0x00,0x00,0x00,0xFF,0xC0,0x0F,0xFC,0x00,0x00,0x00,0x00,0x00,0x00,0x00,0x00,0xFF,0xC0,0x0F,0xFC,0x00,0x00,0x00,0x00,0x00,0x00,0x00,0x00,0xFF,0xC0,0x0F,0xFC,0x00,0x00,0x00,0x00,0x00,0x00,0x00,0x00,0xFF,0xC0,0x0F,0xFC,0x00,0x00,0x00,0x00,0x00,0x00,0x00,0x00,0xFF,0xC0,0x0F,0xFC,0x00,0x00,0x00,0x00,0x00,0x00,0x00,0x00,0xFF,0xC0,0x0F,0xFC,0x00,0x00,0x00,0x00,0x00,0x00,0x00,0x00,0xFF,0xC0,0x0F,0xFC,0x00,0x00,0x00,0x00,0x00,0x00,0x00,0x00,0xFF,0xC0,0x0F,0xFC,0x00,0x00,0x00,0x00,0x00,0x00,0x00,0x00,0xFF,0xC0,0x0F,0xFC,0x00,0x00,0x00,0x00,0x00,0x00,0x00,0x00,0xFF,0xC0,0x0F,0xFC,0x00,0x00,0x00,0x00,0x00,0x00,0x00,0x00,0xFF,0xC0,0x0F,0xFC,0x00,0x00,0x00,0x00,0x00,0x00,0x00,0x00,0xFF,0xC0,0x0F,0xFC,0x00,0x00,0x00,0x00,0x00,0x00,0x00,0x00,0xFF,0xC0,0x0F,0xFC,0x00,0x00,0x00,0x00,0x00,0x00,0x00,0x00,0xFF,0xC0,0x0F,0xFC,0x00,0x00,0x00,0x00,0x00,0x00,0x00,0x00,0xFF,0xC0,0x0F,0xFC,0x00,0x00,0x00,0x00,0x00,0x00,0x00,0x00,0xFF,0xC0,0x0F,0xFC,0x00,0x00,0x00,0x00,0x00,0x00,0x00,0x00,0xFF,0xC0,0x0F,0xFC,0x00,0x00,0x00,0x00,0x00,0x00,0x00,0x00,0xFF,0xC0,0x0F,0xFC,0x00,0x00,0x00,0x00,0x00,0x00,0x00,0x00,0xFF,0xC0,0x0F,0xFC,0x00,0x00,0x00,0x00,0x00,0x00,0x00,0x00,0xFF,0xC0,0x0F,0xFC,0x00,0x00,0x00,0x00,0x00,0x00,0x00,0x00,0xFF,0xC0,0x0F,0xFC,0x00,0x00,0x00,0x00,0x00,0x00,0x00,0x00,0xFF,0xC0,0x0F,0xFC,0x00,0x00,0x00,0x00,0x00,0x00,0x00,0x00,0xFF,0xC0,0x0F,0xFC,0x00,0x00,0x00,0x00,0x00,0x00,0x00,0x00,0xFF,0xC0,0x0F,0xFC,0x00,0x00,0x00,0x00,0x00,0x00,0x00,0x00,0xFF,0xC0,0x0F,0xFC,0x00,0x00,0x00,0x00,0x00,0x00,0x00,0x00,0xFF,0xC0,0x0F,0xFC,0x00,0x00,0x00,0x00,0x00,0x00,0x00,0x00,0xFF,0xC0,0x0F,0xFC,0x00,0x00,0x00,0x00,0x00,0x00,0x00,0x00,0xFF,0xC0,0x0F,0xFC,0x00,0x00,0x00,0x00,0x00,0x00,0x00,0x00,0xFF,0xC0,0x0F,0xFC,0x00,0x00,0x00,0x00,0x00,0x00,0x00,0x00,0xFF,0xC0,0x0F,0xFC,0x00,0x00,0x00,0x00,0x00,0x00,0x00,0x00,0xFF,0xC0,0x0F,0xFC,0x00,0x00,0x00,0x00,0x00,0x00,0x00,0x00,0xFF,0xC0,0x0F,0xFC,0x00,0x00,0x00,0x00,0x00,0x00,0x00,0x00,0xFF,0xC0,0x0F,0xFC,0x00,0x00,0x00,0x00,0x00,0x00,0x00,0x00,0xFF,0xC0,0x0F,0xFC,0x00,0x00,0x00,0x00,0x00,0x00,0x00,0x00,0xFF,0xC0,0x0F,0xFC,0x00,0x00,0x00,0x00,0x00,0x00,0x00,0x00,0xFF,0xC0,0x0F,0xFC,0x00,0x00,0x00,0x00,0x00,0x00,0x00,0x00,0xFF,0xC0,0x0F,0xFC,0x00,0x00,0x00,0x00,0x00,0x00,0x00,0x00,0xFF,0xC0,0x0F,0xFC,0x00,0x00,0x00,0x00,0x00,0x00,0x00,0x00,0xFF,0xC0,0x0F,0xFC,0x00,0x00,0x00,0x00,0x00,0x00,0x00,0x00,0xFF,0xC0,0x0F,0xFC,0x00,0x00,0x00,0x00,0x00,0x00,0x00,0x00,0xFF,0xC0,0x0F,0xFC,0x00,0x00,0x00,0x00,0x00,0x00,0x00,0x00,0xFF,0xC0,0x0F,0xFC,0x00,0x00,0x00,0x00,0x00,0x00,0x00,0x00,0xFF,0xC0,0x0F,0xFC,0x00,0x00,0x00,0x00,0x00,0x00,0x00,0x00,0xFF,0xC0,0x07,0xF8,0x00,0x00,0x00,0x00,0x00,0x00,0x00,0x00,0x7F,0x80,0x03,0xF0,0x00,0x00,0x00,0x00,0x00,0x00,0x00,0x00,0x3F,0x00,0x01,0xE1,0xFF,0xFF,0xFF,0xFF,0xFF,0xFF,0xFF,0xFE,0x1E,0x00,0x00,0xC3,0xFF,0xFF,0xFF,0xFF,0xFF,0xFF,0xFF,0xFF,0x0C,0x00,0x00,0x07,0xFF,0xFF,0xFF,0xFF,0xFF,0xFF,0xFF,0xFF,0x80,0x00,0x00,0x07,0xFF,0xFF,0xFF,0xFF,0xFF,0xFF,0xFF,0xFF,0x80,0x00,0x00,0x0F,0xFF,0xFF,0xFF,0xFF,0xFF,0xFF,0xFF,0xFF,0xC0,0x00,0x00,0x0F,0xFF,0xFF,0xFF,0xFF,0xFF,0xFF,0xFF,0xFF,0xC0,0x00,0x00,0x07,0xFF,0xFF,0xFF,0xFF,0xFF,0xFF,0xFF,0xFF,0x80,0x00,0x00,0x07,0xFF,0xFF,0xFF,0xFF,0xFF,0xFF,0xFF,0xFF,0x80,0x00,0x00,0xC3,0xFF,0xFF,0xFF,0xFF,0xFF,0xFF,0xFF,0xFF,0x0C,0x00,0x01,0xE1,0xFF,0xFF,0xFF,0xFF,0xFF,0xFF,0xFF,0xFE,0x1E,0x00,0x03,0xF0,0x00,0x00,0x00,0x00,0x00,0x00,0x00,0x00,0x3F,0x00,0x07,0xF8,0x00,0x00,0x00,0x00,0x00,0x00,0x00,0x00,0x7F,0x80,0x0F,0xFC,0x00,0x00,0x00,0x00,0x00,0x00,0x00,0x00,0xFF,0xC0,0x0F,0xFC,0x00,0x00,0x00,0x00,0x00,0x00,0x00,0x00,0xFF,0xC0,0x0F,0xFC,0x00,0x00,0x00,0x00,0x00,0x00,0x00,0x00,0xFF,0xC0,0x0F,0xFC,0x00,0x00,0x00,0x00,0x00,0x00,0x00,0x00,0xFF,0xC0,0x0F,0xFC,0x00,0x00,0x00,0x00,0x00,0x00,0x00,0x00,0xFF,0xC0,0x0F,0xFC,0x00,0x00,0x00,0x00,0x00,0x00,0x00,0x00,0xFF,0xC0,0x0F,0xFC,0x00,0x00,0x00,0x00,0x00,0x00,0x00,0x00,0xFF,0xC0,0x0F,0xFC,0x00,0x00,0x00,0x00,0x00,0x00,0x00,0x00,0xFF,0xC0,0x0F,0xFC,0x00,0x00,0x00,0x00,0x00,0x00,0x00,0x00,0xFF,0xC0,0x0F,0xFC,0x00,0x00,0x00,0x00,0x00,0x00,0x00,0x00,0xFF,0xC0,0x0F,0xFC,0x00,0x00,0x00,0x00,0x00,0x00,0x00,0x00,0xFF,0xC0,0x0F,0xFC,0x00,0x00,0x00,0x00,0x00,0x00,0x00,0x00,0xFF,0xC0,0x0F,0xFC,0x00,0x00,0x00,0x00,0x00,0x00,0x00,0x00,0xFF,0xC0,0x0F,0xFC,0x00,0x00,0x00,0x00,0x00,0x00,0x00,0x00,0xFF,0xC0,0x0F,0xFC,0x00,0x00,0x00,0x00,0x00,0x00,0x00,0x00,0xFF,0xC0,0x0F,0xFC,0x00,0x00,0x00,0x00,0x00,0x00,0x00,0x00,0xFF,0xC0,0x0F,0xFC,0x00,0x00,0x00,0x00,0x00,0x00,0x00,0x00,0xFF,0xC0,0x0F,0xFC,0x00,0x00,0x00,0x00,0x00,0x00,0x00,0x00,0xFF,0xC0,0x0F,0xFC,0x00,0x00,0x00,0x00,0x00,0x00,0x00,0x00,0xFF,0xC0,0x0F,0xFC,0x00,0x00,0x00,0x00,0x00,0x00,0x00,0x00,0xFF,0xC0,0x0F,0xFC,0x00,0x00,0x00,0x00,0x00,0x00,0x00,0x00,0xFF,0xC0,0x0F,0xFC,0x00,0x00,0x00,0x00,0x00,0x00,0x00,0x00,0xFF,0xC0,0x0F,0xFC,0x00,0x00,0x00,0x00,0x00,0x00,0x00,0x00,0xFF,0xC0,0x0F,0xFC,0x00,0x00,0x00,0x00,0x00,0x00,0x00,0x00,0xFF,0xC0,0x0F,0xFC,0x00,0x00,0x00,0x00,0x00,0x00,0x00,0x00,0xFF,0xC0,0x0F,0xFC,0x00,0x00,0x00,0x00,0x00,0x00,0x00,0x00,0xFF,0xC0,0x0F,0xFC,0x00,0x00,0x00,0x00,0x00,0x00,0x00,0x00,0xFF,0xC0,0x0F,0xFC,0x00,0x00,0x00,0x00,0x00,0x00,0x00,0x00,0xFF,0xC0,0x0F,0xFC,0x00,0x00,0x00,0x00,0x00,0x00,0x00,0x00,0xFF,0xC0,0x0F,0xFC,0x00,0x00,0x00,0x00,0x00,0x00,0x00,0x00,0xFF,0xC0,0x0F,0xFC,0x00,0x00,0x00,0x00,0x00,0x00,0x00,0x00,0xFF,0xC0,0x0F,0xFC,0x00,0x00,0x00,0x00,0x00,0x00,0x00,0x00,0xFF,0xC0,0x0F,0xFC,0x00,0x00,0x00,0x00,0x00,0x00,0x00,0x00,0xFF,0xC0,0x0F,0xFC,0x00,0x00,0x00,0x00,0x00,0x00,0x00,0x00,0xFF,0xC0,0x0F,0xFC,0x00,0x00,0x00,0x00,0x00,0x00,0x00,0x00,0xFF,0xC0,0x0F,0xFC,0x00,0x00,0x00,0x00,0x00,0x00,0x00,0x00,0xFF,0xC0,0x0F,0xFC,0x00,0x00,0x00,0x00,0x00,0x00,0x00,0x00,0xFF,0xC0,0x0F,0xFC,0x00,0x00,0x00,0x00,0x00,0x00,0x00,0x00,0xFF,0xC0,0x0F,0xFC,0x00,0x00,0x00,0x00,0x00,0x00,0x00,0x00,0xFF,0xC0,0x0F,0xFC,0x00,0x00,0x00,0x00,0x00,0x00,0x00,0x00,0xFF,0xC0,0x0F,0xFC,0x00,0x00,0x00,0x00,0x00,0x00,0x00,0x00,0xFF,0xC0,0x0F,0xFC,0x00,0x00,0x00,0x00,0x00,0x00,0x00,0x00,0xFF,0xC0,0x0F,0xFC,0x00,0x00,0x00,0x00,0x00,0x00,0x00,0x00,0xFF,0xC0,0x0F,0xFC,0x00,0x00,0x00,0x00,0x00,0x00,0x00,0x00,0xFF,0xC0,0x0F,0xFC,0x00,0x00,0x00,0x00,0x00,0x00,0x00,0x00,0xFF,0xC0,0x0F,0xFC,0x00,0x00,0x00,0x00,0x00,0x00,0x00,0x00,0xFF,0xC0,0x0F,0xFC,0x00,0x00,0x00,0x00,0x00,0x00,0x00,0x00,0xFF,0xC0,0x07,0xFC,0x00,0x00,0x00,0x00,0x00,0x00,0x00,0x00,0xFF,0x80,0x03,0xF8,0x00,0x00,0x00,0x00,0x00,0x00,0x00,0x00,0x7F,0x00,0x01,0xF0,0xFF,0xFF,0xFF,0xFF,0xFF,0xFF,0xFF,0xFC,0x3E,0x00,0x00,0xE1,0xFF,0xFF,0xFF,0xFF,0xFF,0xFF,0xFF,0xFE,0x1C,0x00,0x00,0x43,0xFF,0xFF,0xFF,0xFF,0xFF,0xFF,0xFF,0xFF,0x08,0x00,0x00,0x07,0xFF,0xFF,0xFF,0xFF,0xFF,0xFF,0xFF,0xFF,0x80,0x00,0x00,0x0F,0xFF,0xFF,0xFF,0xFF,0xFF,0xFF,0xFF,0xFF,0xC0,0x00,0x00,0x1F,0xFF,0xFF,0xFF,0xFF,0xFF,0xFF,0xFF,0xFF,0xE0,0x00,0x00,0x0F,0xFF,0xFF,0xFF,0xFF,0xFF,0xFF,0xFF,0xFF,0xC0,0x00,0x00,0x07,0xFF,0xFF,0xFF,0xFF,0xFF,0xFF,0xFF,0xFF,0x80,0x00,0x00,0x03,0xFF,0xFF,0xFF,0xFF,0xFF,0xFF,0xFF,0xFF,0x00,0x00,0x00,0x01,0xFF,0xFF,0xFF,0xFF,0xFF,0xFF,0xFF,0xFE,0x00,0x00,0x00,0x00,0xFF,0xFF,0xFF,0xFF,0xFF,0xFF,0xFF,0xFC,0x00,0x00,0x00,0x00,0x00,0x00,0x00,0x00,0x00,0x00,0x00,0x00,0x00,0x00,0x00,0x00,0x00,0x00,0x00,0x00,0x00,0x00,0x00,0x00,0x00,0x00,0x00,0x00,0x00,0x00,0x00,0x00,0x00,0x00,0x00,0x00,0x00,0x00,0x00,0x00,0x00,0x00,0x00,0x00,0x00,0x00,0x00,0x00,0x00,0x00,0x00,0x00,0x00,0x00,0x00,0x00,0x00,0x00,0x00,0x00,0x00,0x00,  // 8
	0x00,0x00,0x00,0x00,0x00,0x00,0x00,0x00,0x00,0x00,0x00,0x00,0x00,0x00,0x00,0x00,0x00,0x00,0x00,0x00,0x00,0x00,0x00,0x00,0x00,0x00,0x00,0x00,0x00,0x00,0x00,0x00,0x00,0x00,0x00,0x00,0x00,0x00,0x00,0x00,0x00,0x00,0x00,0x00,0x00,0x00,0x00,0x00,0x00,0x00,0x00,0x00,0x00,0x00,0x00,0x00,0x00,0x00,0x00,0x00,0x00,0x00,0xFF,0xFF,0xFF,0xFF,0xFF,0xFF,0xFF,0xFC,0x00,0x00,0x00,0x01,0xFF,0xFF,0xFF,0xFF,0xFF,0xFF,0xFF,0xFE,0x00,0x00,0x00,0x03,0xFF,0xFF,0xFF,0xFF,0xFF,0xFF,0xFF,0xFF,0x00,0x00,0x00,0x07,0xFF,0xFF,0xFF,0xFF,0xFF,0xFF,0xFF,0xFF,0x80,0x00,0x00,0x0F,0xFF,0xFF,0xFF,0xFF,0xFF,0xFF,0xFF,0xFF,0xC0,0x00,0x00,0x1F,0xFF,0xFF,0xFF,0xFF,0xFF,0xFF,0xFF,0xFF,0xE0,0x00,0x00,0x0F,0xFF,0xFF,0xFF,0xFF,0xFF,0xFF,0xFF,0xFF,0xC0,0x00,0x00,0x07,0xFF,0xFF,0xFF,0xFF,0xFF,0xFF,0xFF,0xFF,0x80,0x00,0x00,0x43,0xFF,0xFF,0xFF,0xFF,0xFF,0xFF,0xFF,0xFF,0x08,0x00,0x00,0xE1,0xFF,0xFF,0xFF,0xFF,0xFF,0xFF,0xFF,0xFE,0x1C,0x00,0x01,0xF0,0xFF,0xFF,0xFF,0xFF,0xFF,0xFF,0xFF,0xFC,0x3E,0x00,0x03,0xF8,0x00,0x00,0x00,0x00,0x00,0x00,0x00,0x00,0x7F,0x00,0x07,0xFC,0x00,0x00,0x00,0x00,0x00,0x00,0x00,0x00,0xFF,0x80,0x0F,0xFC,0x00,0x00,0x00,0x00,0x00,0x00,0x00,0x00,0xFF,0xC0,0x0F,0xFC,0x00,0x00,0x00,0x00,0x00,0x00,0x00,0x00,0xFF,0xC0,0x0F,0xFC,0x00,0x00,0x00,0x00,0x00,0x00,0x00,0x00,0xFF,0xC0,0x0F,0xFC,0x00,0x00,0x00,0x00,0x00,0x00,0x00,0x00,0xFF,0xC0,0x0F,0xFC,0x00,0x00,0x00,0x00,0x00,0x00,0x00,0x00,0xFF,0xC0,0x0F,0xFC,0x00,0x00,0x00,0x00,0x00,0x00,0x00,0x00,0xFF,0xC0,0x0F,0xFC,0x00,0x00,0x00,0x00,0x00,0x00,0x00,0x00,0xFF,0xC0,0x0F,0xFC,0x00,0x00,0x00,0x00,0x00,0x00,0x00,0x00,0xFF,0xC0,0x0F,0xFC,0x00,0x00,0x00,0x00,0x00,0x00,0x00,0x00,0xFF,0xC0,0x0F,0xFC,0x00,0x00,0x00,0x00,0x00,0x00,0x00,0x00,0xFF,0xC0,0x0F,0xFC,0x00,0x00,0x00,0x00,0x00,0x00,0x00,0x00,0xFF,0xC0,0x0F,0xFC,0x00,0x00,0x00,0x00,0x00,0x00,0x00,0x00,0xFF,0xC0,0x0F,0xFC,0x00,0x00,0x00,0x00,0x00,0x00,0x00,0x00,0xFF,0xC0,0x0F,0xFC,0x00,0x00,0x00,0x00,0x00,0x00,0x00,0x00,0xFF,0xC0,0x0F,0xFC,0x00,0x00,0x00,0x00,0x00,0x00,0x00,0x00,0xFF,0xC0,0x0F,0xFC,0x00,0x00,0x00,0x00,0x00,0x00,0x00,0x00,0xFF,0xC0,0x0F,0xFC,0x00,0x00,0x00,0x00,0x00,0x00,0x00,0x00,0xFF,0xC0,0x0F,0xFC,0x00,0x00,0x00,0x00,0x00,0x00,0x00,0x00,0xFF,0xC0,0x0F,0xFC,0x00,0x00,0x00,0x00,0x00,0x00,0x00,0x00,0xFF,0xC0,0x0F,0xFC,0x00,0x00,0x00,0x00,0x00,0x00,0x00,0x00,0xFF,0xC0,0x0F,0xFC,0x00,0x00,0x00,0x00,0x00,0x00,0x00,0x00,0xFF,0xC0,0x0F,0xFC,0x00,0x00,0x00,0x00,0x00,0x00,0x00,0x00,0xFF,0xC0,0x0F,0xFC,0x00,0x00,0x00,0x00,0x00,0x00,0x00,0x00,0xFF,0xC0,0x0F,0xFC,0x00,0x00,0x00,0x00,0x00,0x00,0x00,0x00,0xFF,0xC0,0x0F,0xFC,0x00,0x00,0x00,0x00,0x00,0x00,0x00,0x00,0xFF,0xC0,0x0F,0xFC,0x00,0x00,0x00,0x00,0x00,0x00,0x00,0x00,0xFF,0xC0,0x0F,0xFC,0x00,0x00,0x00,0x00,0x00,0x00,0x00,0x00,0xFF,0xC0,0x0F,0xFC,0x00,0x00,0x00,0x00,0x00,0x00,0x00,0x00,0xFF,0xC0,0x0F,0xFC,0x00,0x00,0x00,0x00,0x00,0x00,0x00,0x00,0xFF,0xC0,0x0F,0xFC,0x00,0x00,0x00,0x00,0x00,0x00,0x00,0x00,0xFF,0xC0,0x0F,0xFC,0x00,0x00,0x00,0x00,0x00,0x00,0x00,0x00,0xFF,0xC0,0x0F,0xFC,0x00,0x00,0x00,0x00,0x00,0x00,0x00,0x00,0xFF,0xC0,0x0F,0xFC,0x00,0x00,0x00,0x00,0x00,0x00,0x00,0x00,0xFF,0xC0,0x0F,0xFC,0x00,0x00,0x00,0x00,0x00,0x00,0x00,0x00,0xFF,0xC0,0x0F,0xFC,0x00,0x00,0x00,0x00,0x00,0x00,0x00,0x00,0xFF,0xC0,0x0F,0xFC,0x00,0x00,0x00,0x00,0x00,0x00,0x00,0x00,0xFF,0xC0,0x0F,0xFC,0x00,0x00,0x00,0x00,0x00,0x00,0x00,0x00,0xFF,0xC0,0x0F,0xFC,0x00,0x00,0x00,0x00,0x00,0x00,0x00,0x00,0xFF,0xC0,0x0F,0xFC,0x00,0x00,0x00,0x00,0x00,0x00,0x00,0x00,0xFF,0xC0,0x0F,0xFC,0x00,0x00,0x00,0x00,0x00,0x00,0x00,0x00,0xFF,0xC0,0x0F,0xFC,0x00,0x00,0x00,0x00,0x00,0x00,0x00,0x00,0xFF,0xC0,0x0F,0xFC,0x00,0x00,0x00,0x00,0x00,0x00,0x00,0x00,0xFF,0xC0,0x0F,0xFC,0x00,0x00,0x00,0x00,0x00,0x00,0x00,0x00,0xFF,0xC0,0x0F,0xFC,0x00,0x00,0x00,0x00,0x00,0x00,0x00,0x00,0xFF,0xC0,0x0F,0xFC,0x00,0x00,0x00,0x00,0x00,0x00,0x00,0x00,0xFF,0xC0,0x0F,0xFC,0x00,0x00,0x00,0x00,0x00,0x00,0x00,0x00,0xFF,0xC0,0x0F,0xFC,0x00,0x00,0x00,0x00,0x00,0x00,0x00,0x00,0xFF,0xC0,0x07,0xF8,0x00,0x00,0x00,0x00,0x00,0x00,0x00,0x00,0x7F,0x80,0x03,0xF0,0x00,0x00,0x00,0x00,0x00,0x00,0x00,0x00,0x3F,0x00,0x01,0xE1,0xFF,0xFF,0xFF,0xFF,0xFF,0xFF,0xFF,0xFE,0x1E,0x00,0x00,0xC3,0xFF,0xFF,0xFF,0xFF,0xFF,0xFF,0xFF,0xFF,0x0C,0x00,0x00,0x07,0xFF,0xFF,0xFF,0xFF,0xFF,0xFF,0xFF,0xFF,0x80,0x00,0x00,0x07,0xFF,0xFF,0xFF,0xFF,0xFF,0xFF,0xFF,0xFF,0x80,0x00,0x00,0x0F,0xFF,0xFF,0xFF,0xFF,0xFF,0xFF,0xFF,0xFF,0xC0,0x00,0x00,0x0F,0xFF,0xFF,0xFF,0xFF,0xFF,0xFF,0xFF,0xFF,0xC0,0x00,0x00,0x07,0xFF,0xFF,0xFF,0xFF,0xFF,0xFF,0xFF,0xFF,0x80,0x00,0x00,0x07,0xFF,0xFF,0xFF,0xFF,0xFF,0xFF,0xFF,0xFF,0x80,0x00,0x00,0x03,0xFF,0xFF,0xFF,0xFF,0xFF,0xFF,0xFF,0xFF,0x0C,0x00,0x00,0x01,0xFF,0xFF,0xFF,0xFF,0xFF,0xFF,0xFF,0xFE,0x1E,0x00,0x00,0x00,0x00,0x00,0x00,0x00,0x00,0x00,0x00,0x00,0x3F,0x00,0x00,0x00,0x00,0x00,0x00,0x00,0x00,0x00,0x00,0x00,0x7F,0x80,0x00,0x00,0x00,0x00,0x00,0x00,0x00,0x00,0x00,0x00,0xFF,0xC0,0x00,0x00,0x00,0x00,0x00,0x00,0x00,0x00,0x00,0x00,0xFF,0xC0,0x00,0x00,0x00,0x00,0x00,0x00,0x00,0x00,0x00,0x00,0xFF,0xC0,0x00,0x00,0x00,0x00,0x00,0x00,0x00,0x00,0x00,0x00,0xFF,0xC0,0x00,0x00,0x00,0x00,0x00,0x00,0x00,0x00,0x00,0x00,0xFF,0xC0,0x00,0x00,0x00,0x00,0x00,0x00,0x00,0x00,0x00,0x00,0xFF,0xC0,0x00,0x00,0x00,0x00,0x00,0x00,0x00,0x00,0x00,0x00,0xFF,0xC0,0x00,0x00,0x00,0x00,0x00,0x00,0x00,0x00,0x00,0x00,0xFF,0xC0,0x00,0x00,0x00,0x00,0x00,0x00,0x00,0x00,0x00,0x00,0xFF,0xC0,0x00,0x00,0x00,0x00,0x00,0x00,0x00,0x00,0x00,0x00,0xFF,0xC0,0x00,0x00,0x00,0x00,0x00,0x00,0x00,0x00,0x00,0x00,0xFF,0xC0,0x00,0x00,0x00,0x00,0x00,0x00,0x00,0x00,0x00,0x00,0xFF,0xC0,0x00,0x00,0x00,0x00,0x00,0x00,0x00,0x00,0x00,0x00,0xFF,0xC0,0x00,0x00,0x00,0x00,0x00,0x00,0x00,0x00,0x00,0x00,0xFF,0xC0,0x00,0x00,0x00,0x00,0x00,0x00,0x00,0x00,0x00,0x00,0xFF,0xC0,0x00,0x00,0x00,0x00,0x00,0x00,0x00,0x00,0x00,0x00,0xFF,0xC0,0x00,0x00,0x00,0x00,0x00,0x00,0x00,0x00,0x00,0x00,0xFF,0xC0,0x00,0x00,0x00,0x00,0x00,0x00,0x00,0x00,0x00,0x00,0xFF,0xC0,0x00,0x00,0x00,0x00,0x00,0x00,0x00,0x00,0x00,0x00,0xFF,0xC0,0x00,0x00,0x00,0x00,0x00,0x00,0x00,0x00,0x00,0x00,0xFF,0xC0,0x00,0x00,0x00,0x00,0x00,0x00,0x00,0x00,0x00,0x00,0xFF,0xC0,0x00,0x00,0x00,0x00,0x00,0x00,0x00,0x00,0x00,0x00,0xFF,0xC0,0x00,0x00,0x00,0x00,0x00,0x00,0x00,0x00,0x00,0x00,0xFF,0xC0,0x00,0x00,0x00,0x00,0x00,0x00,0x00,0x00,0x00,0x00,0xFF,0xC0,0x00,0x00,0x00,0x00,0x00,0x00,0x00,0x00,0x00,0x00,0xFF,0xC0,0x00,0x00,0x00,0x00,0x00,0x00,0x00,0x00,0x00,0x00,0xFF,0xC0,0x00,0x00,0x00,0x00,0x00,0x00,0x00,0x00,0x00,0x00,0xFF,0xC0,0x00,0x00,0x00,0x00,0x00,0x00,0x00,0x00,0x00,0x00,0xFF,0xC0,0x00,0x00,0x00,0x00,0x00,0x00,0x00,0x00,0x00,0x00,0xFF,0xC0,0x00,0x00,0x00,0x00,0x00,0x00,0x00,0x00,0x00,0x00,0xFF,0xC0,0x00,0x00,0x00,0x00,0x00,0x00,0x00,0x00,0x00,0x00,0xFF,0xC0,0x00,0x00,0x00,0x00,0x00,0x00,0x00,0x00,0x00,0x00,0xFF,0xC0,0x00,0x00,0x00,0x00,0x00,0x00,0x00,0x00,0x00,0x00,0xFF,0xC0,0x00,0x00,0x00,0x00,0x00,0x00,0x00,0x00,0x00,0x00,0xFF,0xC0,0x00,0x00,0x00,0x00,0x00,0x00,0x00,0x00,0x00,0x00,0xFF,0xC0,0x00,0x00,0x00,0x00,0x00,0x00,0x00,0x00,0x00,0x00,0xFF,0xC0,0x00,0x00,0x00,0x00,0x00,0x00,0x00,0x00,0x00,0x00,0xFF,0xC0,0x00,0x00,0x00,0x00,0x00,0x00,0x00,0x00,0x00,0x00,0xFF,0xC0,0x00,0x00,0x00,0x00,0x00,0x00,0x00,0x00,0x00,0x00,0xFF,0xC0,0x00,0x00,0x00,0x00,0x00,0x00,0x00,0x00,0x00,0x00,0xFF,0xC0,0x00,0x00,0x00,0x00,0x00,0x00,0x00,0x00,0x00,0x00,0xFF,0xC0,0x00,0x00,0x00,0x00,0x00,0x00,0x00,0x00,0x00,0x00,0xFF,0xC0,0x00,0x00,0x00,0x00,0x00,0x00,0x00,0x00,0x00,0x00,0xFF,0xC0,0x00,0x00,0x00,0x00,0x00,0x00,0x00,0x00,0x00,0x00,0xFF,0xC0,0x00,0x00,0x00,0x00,0x00,0x00,0x00,0x00,0x00,0x00,0xFF,0xC0,0x00,0x00,0x00,0x00,0x00,0x00,0x00,0x00,0x00,0x00,0xFF,0xC0,0x00,0x00,0x00,0x00,0x00,0x00,0x00,0x00,0x00,0x00,0xFF,0xC0,0x00,0x00,0x00,0x00,0x00,0x00,0x00,0x00,0x00,0x00,0xFF,0x80,0x00,0x00,0x00,0x00,0x00,0x00,0x00,0x00,0x00,0x00,0x7F,0x00,0x00,0x00,0xFF,0xFF,0xFF,0xFF,0xFF,0xFF,0xFF,0xFC,0x3E,0x00,0x00,0x01,0xFF,0xFF,0xFF,0xFF,0xFF,0xFF,0xFF,0xFE,0x1C,0x00,0x00,0x03,0xFF,0xFF,0xFF,0xFF,0xFF,0xFF,0xFF,0xFF,0x08,0x00,0x00,0x07,0xFF,0xFF,0xFF,0xFF,0xFF,0xFF,0xFF,0xFF,0x80,0x00,0x00,0x0F,0xFF,0xFF,0xFF,0xFF,0xFF,0xFF,0xFF,0xFF,0xC0,0x00,0x00,0x1F,0xFF,0xFF,0xFF,0xFF,0xFF,0xFF,0xFF,0xFF,0xE0,0x00,0x00,0x0F,0xFF,0xFF,0xFF,0xFF,0xFF,0xFF,0xFF,0xFF,0xC0,0x00,0x00,0x07,0xFF,0xFF,0xFF,0xFF,0xFF,0xFF,0xFF,0xFF,0x80,0x00,0x00,0x03,0xFF,0xFF,0xFF,0xFF,0xFF,0xFF,0xFF,0xFF,0x00,0x00,0x00,0x01,0xFF,0xFF,0xFF,0xFF,0xFF,0xFF,0xFF,0xFE,0x00,0x00,0x00,0x00,0xFF,0xFF,0xFF,0xFF,0xFF,0xFF,0xFF,0xFC,0x00,0x00,0x00,0x00,0x00,0x00,0x00,0x00,0x00,0x00,0x00,0x00,0x00,0x00,0x00,0x00,0x00,0x00,0x00,0x00,0x00,0x00,0x00,0x00,0x00,0x00,0x00,0x00,0x00,0x00,0x00,0x00,0x00,0x00,0x00,0x00,0x00,0x00,0x00,0x00,0x00,0x00,0x00,0x00,0x00,0x00,0x00,0x00,0x00,0x00,0x00,0x00,0x00,0x00,0x00,0x00,0x00,0x00,0x00,0x00,0x00,0x00,  // 9
};





